forecast_date,target,location,target_end_date,type,quantile,value
2021-02-15,1 wk ahead cum death,17,2021-02-20,quantile,0.01,22181.92
2021-02-15,1 wk ahead cum death,17,2021-02-20,quantile,0.025,22201.4
2021-02-15,1 wk ahead cum death,17,2021-02-20,quantile,0.05,22209
2021-02-15,1 wk ahead cum death,17,2021-02-20,quantile,0.1,22220.6
2021-02-15,1 wk ahead cum death,17,2021-02-20,quantile,0.15,22228.4
2021-02-15,1 wk ahead cum death,17,2021-02-20,quantile,0.2,22233.199999999997
2021-02-15,1 wk ahead cum death,17,2021-02-20,quantile,0.25,22241
2021-02-15,1 wk ahead cum death,17,2021-02-20,quantile,0.3,22246
2021-02-15,1 wk ahead cum death,17,2021-02-20,quantile,0.35,22251.6
2021-02-15,1 wk ahead cum death,17,2021-02-20,quantile,0.4,22256
2021-02-15,1 wk ahead cum death,17,2021-02-20,quantile,0.45,22259
2021-02-15,1 wk ahead cum death,17,2021-02-20,quantile,0.5,22263
2021-02-15,1 wk ahead cum death,17,2021-02-20,quantile,0.55,22267
2021-02-15,1 wk ahead cum death,17,2021-02-20,quantile,0.6,22270
2021-02-15,1 wk ahead cum death,17,2021-02-20,quantile,0.65,22275
2021-02-15,1 wk ahead cum death,17,2021-02-20,quantile,0.7,22278
2021-02-15,1 wk ahead cum death,17,2021-02-20,quantile,0.75,22281
2021-02-15,1 wk ahead cum death,17,2021-02-20,quantile,0.8,22284
2021-02-15,1 wk ahead cum death,17,2021-02-20,quantile,0.85,22288
2021-02-15,1 wk ahead cum death,17,2021-02-20,quantile,0.9,22295
2021-02-15,1 wk ahead cum death,17,2021-02-20,quantile,0.95,22301
2021-02-15,1 wk ahead cum death,17,2021-02-20,quantile,0.975,22310.199999999997
2021-02-15,1 wk ahead cum death,17,2021-02-20,quantile,0.99,22320
2021-02-15,1 wk ahead cum death,17,2021-02-20,point,NA,22263
2021-02-15,1 wk ahead cum death,18,2021-02-20,quantile,0.01,12195.99
2021-02-15,1 wk ahead cum death,18,2021-02-20,quantile,0.025,12198.474999999999
2021-02-15,1 wk ahead cum death,18,2021-02-20,quantile,0.05,12201
2021-02-15,1 wk ahead cum death,18,2021-02-20,quantile,0.1,12204
2021-02-15,1 wk ahead cum death,18,2021-02-20,quantile,0.15,12207
2021-02-15,1 wk ahead cum death,18,2021-02-20,quantile,0.2,12208
2021-02-15,1 wk ahead cum death,18,2021-02-20,quantile,0.25,12210
2021-02-15,1 wk ahead cum death,18,2021-02-20,quantile,0.3,12212
2021-02-15,1 wk ahead cum death,18,2021-02-20,quantile,0.35,12213
2021-02-15,1 wk ahead cum death,18,2021-02-20,quantile,0.4,12215
2021-02-15,1 wk ahead cum death,18,2021-02-20,quantile,0.45,12217
2021-02-15,1 wk ahead cum death,18,2021-02-20,quantile,0.5,12218
2021-02-15,1 wk ahead cum death,18,2021-02-20,quantile,0.55,12219
2021-02-15,1 wk ahead cum death,18,2021-02-20,quantile,0.6,12221
2021-02-15,1 wk ahead cum death,18,2021-02-20,quantile,0.65,12223
2021-02-15,1 wk ahead cum death,18,2021-02-20,quantile,0.7,12225
2021-02-15,1 wk ahead cum death,18,2021-02-20,quantile,0.75,12227
2021-02-15,1 wk ahead cum death,18,2021-02-20,quantile,0.8,12230.2
2021-02-15,1 wk ahead cum death,18,2021-02-20,quantile,0.85,12234
2021-02-15,1 wk ahead cum death,18,2021-02-20,quantile,0.9,12238
2021-02-15,1 wk ahead cum death,18,2021-02-20,quantile,0.95,12250.05
2021-02-15,1 wk ahead cum death,18,2021-02-20,quantile,0.975,12263.525
2021-02-15,1 wk ahead cum death,18,2021-02-20,quantile,0.99,12309.02
2021-02-15,1 wk ahead cum death,18,2021-02-20,point,NA,12218
2021-02-15,1 wk ahead cum death,21,2021-02-20,quantile,0.01,4328.99
2021-02-15,1 wk ahead cum death,21,2021-02-20,quantile,0.025,4344.375
2021-02-15,1 wk ahead cum death,21,2021-02-20,quantile,0.05,4355.95
2021-02-15,1 wk ahead cum death,21,2021-02-20,quantile,0.1,4366
2021-02-15,1 wk ahead cum death,21,2021-02-20,quantile,0.15,4373
2021-02-15,1 wk ahead cum death,21,2021-02-20,quantile,0.2,4379.8
2021-02-15,1 wk ahead cum death,21,2021-02-20,quantile,0.25,4385.75
2021-02-15,1 wk ahead cum death,21,2021-02-20,quantile,0.3,4389
2021-02-15,1 wk ahead cum death,21,2021-02-20,quantile,0.35,4393
2021-02-15,1 wk ahead cum death,21,2021-02-20,quantile,0.4,4397
2021-02-15,1 wk ahead cum death,21,2021-02-20,quantile,0.45,4401
2021-02-15,1 wk ahead cum death,21,2021-02-20,quantile,0.5,4404
2021-02-15,1 wk ahead cum death,21,2021-02-20,quantile,0.55,4410
2021-02-15,1 wk ahead cum death,21,2021-02-20,quantile,0.6,4414
2021-02-15,1 wk ahead cum death,21,2021-02-20,quantile,0.65,4419
2021-02-15,1 wk ahead cum death,21,2021-02-20,quantile,0.7,4425
2021-02-15,1 wk ahead cum death,21,2021-02-20,quantile,0.75,4431
2021-02-15,1 wk ahead cum death,21,2021-02-20,quantile,0.8,4438
2021-02-15,1 wk ahead cum death,21,2021-02-20,quantile,0.85,4447
2021-02-15,1 wk ahead cum death,21,2021-02-20,quantile,0.9,4457.1
2021-02-15,1 wk ahead cum death,21,2021-02-20,quantile,0.95,4479
2021-02-15,1 wk ahead cum death,21,2021-02-20,quantile,0.975,4497.675
2021-02-15,1 wk ahead cum death,21,2021-02-20,quantile,0.99,4519.04
2021-02-15,1 wk ahead cum death,21,2021-02-20,point,NA,4404
2021-02-15,1 wk ahead cum death,26,2021-02-20,quantile,0.01,16141
2021-02-15,1 wk ahead cum death,26,2021-02-20,quantile,0.025,16149.45
2021-02-15,1 wk ahead cum death,26,2021-02-20,quantile,0.05,16154.9
2021-02-15,1 wk ahead cum death,26,2021-02-20,quantile,0.1,16166
2021-02-15,1 wk ahead cum death,26,2021-02-20,quantile,0.15,16173.7
2021-02-15,1 wk ahead cum death,26,2021-02-20,quantile,0.2,16181
2021-02-15,1 wk ahead cum death,26,2021-02-20,quantile,0.25,16188
2021-02-15,1 wk ahead cum death,26,2021-02-20,quantile,0.3,16194
2021-02-15,1 wk ahead cum death,26,2021-02-20,quantile,0.35,16198
2021-02-15,1 wk ahead cum death,26,2021-02-20,quantile,0.4,16202
2021-02-15,1 wk ahead cum death,26,2021-02-20,quantile,0.45,16207
2021-02-15,1 wk ahead cum death,26,2021-02-20,quantile,0.5,16211
2021-02-15,1 wk ahead cum death,26,2021-02-20,quantile,0.55,16216
2021-02-15,1 wk ahead cum death,26,2021-02-20,quantile,0.6,16219
2021-02-15,1 wk ahead cum death,26,2021-02-20,quantile,0.65,16222
2021-02-15,1 wk ahead cum death,26,2021-02-20,quantile,0.7,16226
2021-02-15,1 wk ahead cum death,26,2021-02-20,quantile,0.75,16231
2021-02-15,1 wk ahead cum death,26,2021-02-20,quantile,0.8,16236
2021-02-15,1 wk ahead cum death,26,2021-02-20,quantile,0.85,16241
2021-02-15,1 wk ahead cum death,26,2021-02-20,quantile,0.9,16247
2021-02-15,1 wk ahead cum death,26,2021-02-20,quantile,0.95,16255
2021-02-15,1 wk ahead cum death,26,2021-02-20,quantile,0.975,16259.550000000001
2021-02-15,1 wk ahead cum death,26,2021-02-20,quantile,0.99,16266.06
2021-02-15,1 wk ahead cum death,26,2021-02-20,point,NA,16211
2021-02-15,1 wk ahead cum death,27,2021-02-20,quantile,0.01,6443
2021-02-15,1 wk ahead cum death,27,2021-02-20,quantile,0.025,6445.475
2021-02-15,1 wk ahead cum death,27,2021-02-20,quantile,0.05,6448
2021-02-15,1 wk ahead cum death,27,2021-02-20,quantile,0.1,6451.9
2021-02-15,1 wk ahead cum death,27,2021-02-20,quantile,0.15,6455
2021-02-15,1 wk ahead cum death,27,2021-02-20,quantile,0.2,6458
2021-02-15,1 wk ahead cum death,27,2021-02-20,quantile,0.25,6460
2021-02-15,1 wk ahead cum death,27,2021-02-20,quantile,0.3,6462
2021-02-15,1 wk ahead cum death,27,2021-02-20,quantile,0.35,6464
2021-02-15,1 wk ahead cum death,27,2021-02-20,quantile,0.4,6465
2021-02-15,1 wk ahead cum death,27,2021-02-20,quantile,0.45,6467
2021-02-15,1 wk ahead cum death,27,2021-02-20,quantile,0.5,6469
2021-02-15,1 wk ahead cum death,27,2021-02-20,quantile,0.55,6471
2021-02-15,1 wk ahead cum death,27,2021-02-20,quantile,0.6,6473
2021-02-15,1 wk ahead cum death,27,2021-02-20,quantile,0.65,6475
2021-02-15,1 wk ahead cum death,27,2021-02-20,quantile,0.7,6478
2021-02-15,1 wk ahead cum death,27,2021-02-20,quantile,0.75,6480.25
2021-02-15,1 wk ahead cum death,27,2021-02-20,quantile,0.8,6484
2021-02-15,1 wk ahead cum death,27,2021-02-20,quantile,0.85,6487.15
2021-02-15,1 wk ahead cum death,27,2021-02-20,quantile,0.9,6496
2021-02-15,1 wk ahead cum death,27,2021-02-20,quantile,0.95,6523
2021-02-15,1 wk ahead cum death,27,2021-02-20,quantile,0.975,6533.525
2021-02-15,1 wk ahead cum death,27,2021-02-20,quantile,0.99,6541.04
2021-02-15,1 wk ahead cum death,27,2021-02-20,point,NA,6469
2021-02-15,1 wk ahead cum death,39,2021-02-20,quantile,0.01,16588.8
2021-02-15,1 wk ahead cum death,39,2021-02-20,quantile,0.025,16629.2
2021-02-15,1 wk ahead cum death,39,2021-02-20,quantile,0.05,16653.8
2021-02-15,1 wk ahead cum death,39,2021-02-20,quantile,0.1,16683.6
2021-02-15,1 wk ahead cum death,39,2021-02-20,quantile,0.15,16700
2021-02-15,1 wk ahead cum death,39,2021-02-20,quantile,0.2,16711.2
2021-02-15,1 wk ahead cum death,39,2021-02-20,quantile,0.25,16723
2021-02-15,1 wk ahead cum death,39,2021-02-20,quantile,0.3,16731
2021-02-15,1 wk ahead cum death,39,2021-02-20,quantile,0.35,16741.6
2021-02-15,1 wk ahead cum death,39,2021-02-20,quantile,0.4,16750.4
2021-02-15,1 wk ahead cum death,39,2021-02-20,quantile,0.45,16762
2021-02-15,1 wk ahead cum death,39,2021-02-20,quantile,0.5,16771
2021-02-15,1 wk ahead cum death,39,2021-02-20,quantile,0.55,16784
2021-02-15,1 wk ahead cum death,39,2021-02-20,quantile,0.6,16794
2021-02-15,1 wk ahead cum death,39,2021-02-20,quantile,0.65,16801
2021-02-15,1 wk ahead cum death,39,2021-02-20,quantile,0.7,16813.4
2021-02-15,1 wk ahead cum death,39,2021-02-20,quantile,0.75,16827
2021-02-15,1 wk ahead cum death,39,2021-02-20,quantile,0.8,16842.8
2021-02-15,1 wk ahead cum death,39,2021-02-20,quantile,0.85,16857.6
2021-02-15,1 wk ahead cum death,39,2021-02-20,quantile,0.9,16875.4
2021-02-15,1 wk ahead cum death,39,2021-02-20,quantile,0.95,16929.6
2021-02-15,1 wk ahead cum death,39,2021-02-20,quantile,0.975,16979.6
2021-02-15,1 wk ahead cum death,39,2021-02-20,quantile,0.99,17010.68
2021-02-15,1 wk ahead cum death,39,2021-02-20,point,NA,16771
2021-02-15,1 wk ahead cum death,55,2021-02-20,quantile,0.01,6754.99
2021-02-15,1 wk ahead cum death,55,2021-02-20,quantile,0.025,6760
2021-02-15,1 wk ahead cum death,55,2021-02-20,quantile,0.05,6767.95
2021-02-15,1 wk ahead cum death,55,2021-02-20,quantile,0.1,6778
2021-02-15,1 wk ahead cum death,55,2021-02-20,quantile,0.15,6786
2021-02-15,1 wk ahead cum death,55,2021-02-20,quantile,0.2,6792.799999999999
2021-02-15,1 wk ahead cum death,55,2021-02-20,quantile,0.25,6797
2021-02-15,1 wk ahead cum death,55,2021-02-20,quantile,0.3,6800.7
2021-02-15,1 wk ahead cum death,55,2021-02-20,quantile,0.35,6803
2021-02-15,1 wk ahead cum death,55,2021-02-20,quantile,0.4,6806
2021-02-15,1 wk ahead cum death,55,2021-02-20,quantile,0.45,6809
2021-02-15,1 wk ahead cum death,55,2021-02-20,quantile,0.5,6813
2021-02-15,1 wk ahead cum death,55,2021-02-20,quantile,0.55,6815
2021-02-15,1 wk ahead cum death,55,2021-02-20,quantile,0.6,6819.4
2021-02-15,1 wk ahead cum death,55,2021-02-20,quantile,0.65,6822.35
2021-02-15,1 wk ahead cum death,55,2021-02-20,quantile,0.7,6825
2021-02-15,1 wk ahead cum death,55,2021-02-20,quantile,0.75,6829
2021-02-15,1 wk ahead cum death,55,2021-02-20,quantile,0.8,6838
2021-02-15,1 wk ahead cum death,55,2021-02-20,quantile,0.85,6842.1500000000005
2021-02-15,1 wk ahead cum death,55,2021-02-20,quantile,0.9,6857
2021-02-15,1 wk ahead cum death,55,2021-02-20,quantile,0.95,6886.05
2021-02-15,1 wk ahead cum death,55,2021-02-20,quantile,0.975,6908.0999999999995
2021-02-15,1 wk ahead cum death,55,2021-02-20,quantile,0.99,6926.06
2021-02-15,1 wk ahead cum death,55,2021-02-20,point,NA,6813
2021-02-15,1 wk ahead inc death,17,2021-02-20,quantile,0.01,94.92
2021-02-15,1 wk ahead inc death,17,2021-02-20,quantile,0.025,114.4
2021-02-15,1 wk ahead inc death,17,2021-02-20,quantile,0.05,122
2021-02-15,1 wk ahead inc death,17,2021-02-20,quantile,0.1,133.6
2021-02-15,1 wk ahead inc death,17,2021-02-20,quantile,0.15,141.4
2021-02-15,1 wk ahead inc death,17,2021-02-20,quantile,0.2,146.2
2021-02-15,1 wk ahead inc death,17,2021-02-20,quantile,0.25,154
2021-02-15,1 wk ahead inc death,17,2021-02-20,quantile,0.3,159
2021-02-15,1 wk ahead inc death,17,2021-02-20,quantile,0.35,164.60000000000002
2021-02-15,1 wk ahead inc death,17,2021-02-20,quantile,0.4,169
2021-02-15,1 wk ahead inc death,17,2021-02-20,quantile,0.45,172
2021-02-15,1 wk ahead inc death,17,2021-02-20,quantile,0.5,176
2021-02-15,1 wk ahead inc death,17,2021-02-20,quantile,0.55,180
2021-02-15,1 wk ahead inc death,17,2021-02-20,quantile,0.6,183
2021-02-15,1 wk ahead inc death,17,2021-02-20,quantile,0.65,188
2021-02-15,1 wk ahead inc death,17,2021-02-20,quantile,0.7,191
2021-02-15,1 wk ahead inc death,17,2021-02-20,quantile,0.75,194
2021-02-15,1 wk ahead inc death,17,2021-02-20,quantile,0.8,197
2021-02-15,1 wk ahead inc death,17,2021-02-20,quantile,0.85,201
2021-02-15,1 wk ahead inc death,17,2021-02-20,quantile,0.9,208
2021-02-15,1 wk ahead inc death,17,2021-02-20,quantile,0.95,214
2021-02-15,1 wk ahead inc death,17,2021-02-20,quantile,0.975,223.19999999999993
2021-02-15,1 wk ahead inc death,17,2021-02-20,quantile,0.99,233
2021-02-15,1 wk ahead inc death,17,2021-02-20,point,NA,176
2021-02-15,1 wk ahead inc death,18,2021-02-20,quantile,0.01,46.989999999999995
2021-02-15,1 wk ahead inc death,18,2021-02-20,quantile,0.025,49.475
2021-02-15,1 wk ahead inc death,18,2021-02-20,quantile,0.05,52
2021-02-15,1 wk ahead inc death,18,2021-02-20,quantile,0.1,55
2021-02-15,1 wk ahead inc death,18,2021-02-20,quantile,0.15,58
2021-02-15,1 wk ahead inc death,18,2021-02-20,quantile,0.2,59
2021-02-15,1 wk ahead inc death,18,2021-02-20,quantile,0.25,61
2021-02-15,1 wk ahead inc death,18,2021-02-20,quantile,0.3,63
2021-02-15,1 wk ahead inc death,18,2021-02-20,quantile,0.35,64
2021-02-15,1 wk ahead inc death,18,2021-02-20,quantile,0.4,66
2021-02-15,1 wk ahead inc death,18,2021-02-20,quantile,0.45,68
2021-02-15,1 wk ahead inc death,18,2021-02-20,quantile,0.5,69
2021-02-15,1 wk ahead inc death,18,2021-02-20,quantile,0.55,70
2021-02-15,1 wk ahead inc death,18,2021-02-20,quantile,0.6,72
2021-02-15,1 wk ahead inc death,18,2021-02-20,quantile,0.65,74
2021-02-15,1 wk ahead inc death,18,2021-02-20,quantile,0.7,76
2021-02-15,1 wk ahead inc death,18,2021-02-20,quantile,0.75,78
2021-02-15,1 wk ahead inc death,18,2021-02-20,quantile,0.8,81.20000000000005
2021-02-15,1 wk ahead inc death,18,2021-02-20,quantile,0.85,85
2021-02-15,1 wk ahead inc death,18,2021-02-20,quantile,0.9,89
2021-02-15,1 wk ahead inc death,18,2021-02-20,quantile,0.95,101.04999999999995
2021-02-15,1 wk ahead inc death,18,2021-02-20,quantile,0.975,114.52499999999998
2021-02-15,1 wk ahead inc death,18,2021-02-20,quantile,0.99,160.01999999999998
2021-02-15,1 wk ahead inc death,18,2021-02-20,point,NA,69
2021-02-15,1 wk ahead inc death,21,2021-02-20,quantile,0.01,56.99
2021-02-15,1 wk ahead inc death,21,2021-02-20,quantile,0.025,72.375
2021-02-15,1 wk ahead inc death,21,2021-02-20,quantile,0.05,83.95
2021-02-15,1 wk ahead inc death,21,2021-02-20,quantile,0.1,94
2021-02-15,1 wk ahead inc death,21,2021-02-20,quantile,0.15,101
2021-02-15,1 wk ahead inc death,21,2021-02-20,quantile,0.2,107.80000000000001
2021-02-15,1 wk ahead inc death,21,2021-02-20,quantile,0.25,113.75
2021-02-15,1 wk ahead inc death,21,2021-02-20,quantile,0.3,117
2021-02-15,1 wk ahead inc death,21,2021-02-20,quantile,0.35,121
2021-02-15,1 wk ahead inc death,21,2021-02-20,quantile,0.4,125
2021-02-15,1 wk ahead inc death,21,2021-02-20,quantile,0.45,129
2021-02-15,1 wk ahead inc death,21,2021-02-20,quantile,0.5,132
2021-02-15,1 wk ahead inc death,21,2021-02-20,quantile,0.55,138
2021-02-15,1 wk ahead inc death,21,2021-02-20,quantile,0.6,142
2021-02-15,1 wk ahead inc death,21,2021-02-20,quantile,0.65,147
2021-02-15,1 wk ahead inc death,21,2021-02-20,quantile,0.7,153
2021-02-15,1 wk ahead inc death,21,2021-02-20,quantile,0.75,159
2021-02-15,1 wk ahead inc death,21,2021-02-20,quantile,0.8,166
2021-02-15,1 wk ahead inc death,21,2021-02-20,quantile,0.85,175
2021-02-15,1 wk ahead inc death,21,2021-02-20,quantile,0.9,185.10000000000008
2021-02-15,1 wk ahead inc death,21,2021-02-20,quantile,0.95,207
2021-02-15,1 wk ahead inc death,21,2021-02-20,quantile,0.975,225.67499999999984
2021-02-15,1 wk ahead inc death,21,2021-02-20,quantile,0.99,247.03999999999996
2021-02-15,1 wk ahead inc death,21,2021-02-20,point,NA,132
2021-02-15,1 wk ahead inc death,26,2021-02-20,quantile,0.01,22
2021-02-15,1 wk ahead inc death,26,2021-02-20,quantile,0.025,30.450000000000003
2021-02-15,1 wk ahead inc death,26,2021-02-20,quantile,0.05,35.900000000000006
2021-02-15,1 wk ahead inc death,26,2021-02-20,quantile,0.1,47
2021-02-15,1 wk ahead inc death,26,2021-02-20,quantile,0.15,54.70000000000002
2021-02-15,1 wk ahead inc death,26,2021-02-20,quantile,0.2,62
2021-02-15,1 wk ahead inc death,26,2021-02-20,quantile,0.25,69
2021-02-15,1 wk ahead inc death,26,2021-02-20,quantile,0.3,75
2021-02-15,1 wk ahead inc death,26,2021-02-20,quantile,0.35,79
2021-02-15,1 wk ahead inc death,26,2021-02-20,quantile,0.4,83
2021-02-15,1 wk ahead inc death,26,2021-02-20,quantile,0.45,88
2021-02-15,1 wk ahead inc death,26,2021-02-20,quantile,0.5,92
2021-02-15,1 wk ahead inc death,26,2021-02-20,quantile,0.55,97
2021-02-15,1 wk ahead inc death,26,2021-02-20,quantile,0.6,100
2021-02-15,1 wk ahead inc death,26,2021-02-20,quantile,0.65,103
2021-02-15,1 wk ahead inc death,26,2021-02-20,quantile,0.7,107
2021-02-15,1 wk ahead inc death,26,2021-02-20,quantile,0.75,112
2021-02-15,1 wk ahead inc death,26,2021-02-20,quantile,0.8,117
2021-02-15,1 wk ahead inc death,26,2021-02-20,quantile,0.85,122
2021-02-15,1 wk ahead inc death,26,2021-02-20,quantile,0.9,128
2021-02-15,1 wk ahead inc death,26,2021-02-20,quantile,0.95,136
2021-02-15,1 wk ahead inc death,26,2021-02-20,quantile,0.975,140.55
2021-02-15,1 wk ahead inc death,26,2021-02-20,quantile,0.99,147.05999999999995
2021-02-15,1 wk ahead inc death,26,2021-02-20,point,NA,92
2021-02-15,1 wk ahead inc death,27,2021-02-20,quantile,0.01,6
2021-02-15,1 wk ahead inc death,27,2021-02-20,quantile,0.025,8.475000000000001
2021-02-15,1 wk ahead inc death,27,2021-02-20,quantile,0.05,11
2021-02-15,1 wk ahead inc death,27,2021-02-20,quantile,0.1,14.900000000000006
2021-02-15,1 wk ahead inc death,27,2021-02-20,quantile,0.15,18
2021-02-15,1 wk ahead inc death,27,2021-02-20,quantile,0.2,21
2021-02-15,1 wk ahead inc death,27,2021-02-20,quantile,0.25,23
2021-02-15,1 wk ahead inc death,27,2021-02-20,quantile,0.3,25
2021-02-15,1 wk ahead inc death,27,2021-02-20,quantile,0.35,27
2021-02-15,1 wk ahead inc death,27,2021-02-20,quantile,0.4,28
2021-02-15,1 wk ahead inc death,27,2021-02-20,quantile,0.45,30
2021-02-15,1 wk ahead inc death,27,2021-02-20,quantile,0.5,32
2021-02-15,1 wk ahead inc death,27,2021-02-20,quantile,0.55,34
2021-02-15,1 wk ahead inc death,27,2021-02-20,quantile,0.6,36
2021-02-15,1 wk ahead inc death,27,2021-02-20,quantile,0.65,38
2021-02-15,1 wk ahead inc death,27,2021-02-20,quantile,0.7,41
2021-02-15,1 wk ahead inc death,27,2021-02-20,quantile,0.75,43.25000000000006
2021-02-15,1 wk ahead inc death,27,2021-02-20,quantile,0.8,47
2021-02-15,1 wk ahead inc death,27,2021-02-20,quantile,0.85,50.150000000000034
2021-02-15,1 wk ahead inc death,27,2021-02-20,quantile,0.9,59
2021-02-15,1 wk ahead inc death,27,2021-02-20,quantile,0.95,86
2021-02-15,1 wk ahead inc death,27,2021-02-20,quantile,0.975,96.52499999999998
2021-02-15,1 wk ahead inc death,27,2021-02-20,quantile,0.99,104.03999999999996
2021-02-15,1 wk ahead inc death,27,2021-02-20,point,NA,32
2021-02-15,1 wk ahead inc death,39,2021-02-20,quantile,0.01,248.8
2021-02-15,1 wk ahead inc death,39,2021-02-20,quantile,0.025,289.2
2021-02-15,1 wk ahead inc death,39,2021-02-20,quantile,0.05,313.8
2021-02-15,1 wk ahead inc death,39,2021-02-20,quantile,0.1,343.6
2021-02-15,1 wk ahead inc death,39,2021-02-20,quantile,0.15,360
2021-02-15,1 wk ahead inc death,39,2021-02-20,quantile,0.2,371.2
2021-02-15,1 wk ahead inc death,39,2021-02-20,quantile,0.25,383
2021-02-15,1 wk ahead inc death,39,2021-02-20,quantile,0.3,391
2021-02-15,1 wk ahead inc death,39,2021-02-20,quantile,0.35,401.6
2021-02-15,1 wk ahead inc death,39,2021-02-20,quantile,0.4,410.4
2021-02-15,1 wk ahead inc death,39,2021-02-20,quantile,0.45,422
2021-02-15,1 wk ahead inc death,39,2021-02-20,quantile,0.5,431
2021-02-15,1 wk ahead inc death,39,2021-02-20,quantile,0.55,444
2021-02-15,1 wk ahead inc death,39,2021-02-20,quantile,0.6,454
2021-02-15,1 wk ahead inc death,39,2021-02-20,quantile,0.65,461
2021-02-15,1 wk ahead inc death,39,2021-02-20,quantile,0.7,473.4000000000001
2021-02-15,1 wk ahead inc death,39,2021-02-20,quantile,0.75,487.00000000000006
2021-02-15,1 wk ahead inc death,39,2021-02-20,quantile,0.8,502.8
2021-02-15,1 wk ahead inc death,39,2021-02-20,quantile,0.85,517.6
2021-02-15,1 wk ahead inc death,39,2021-02-20,quantile,0.9,535.4000000000001
2021-02-15,1 wk ahead inc death,39,2021-02-20,quantile,0.95,589.5999999999999
2021-02-15,1 wk ahead inc death,39,2021-02-20,quantile,0.975,639.5999999999999
2021-02-15,1 wk ahead inc death,39,2021-02-20,quantile,0.99,670.680000000001
2021-02-15,1 wk ahead inc death,39,2021-02-20,point,NA,431
2021-02-15,1 wk ahead inc death,55,2021-02-20,quantile,0.01,10.99
2021-02-15,1 wk ahead inc death,55,2021-02-20,quantile,0.025,16
2021-02-15,1 wk ahead inc death,55,2021-02-20,quantile,0.05,23.950000000000003
2021-02-15,1 wk ahead inc death,55,2021-02-20,quantile,0.1,34
2021-02-15,1 wk ahead inc death,55,2021-02-20,quantile,0.15,42
2021-02-15,1 wk ahead inc death,55,2021-02-20,quantile,0.2,48.80000000000001
2021-02-15,1 wk ahead inc death,55,2021-02-20,quantile,0.25,53
2021-02-15,1 wk ahead inc death,55,2021-02-20,quantile,0.3,56.69999999999999
2021-02-15,1 wk ahead inc death,55,2021-02-20,quantile,0.35,59
2021-02-15,1 wk ahead inc death,55,2021-02-20,quantile,0.4,62
2021-02-15,1 wk ahead inc death,55,2021-02-20,quantile,0.45,65
2021-02-15,1 wk ahead inc death,55,2021-02-20,quantile,0.5,69
2021-02-15,1 wk ahead inc death,55,2021-02-20,quantile,0.55,71
2021-02-15,1 wk ahead inc death,55,2021-02-20,quantile,0.6,75.40000000000003
2021-02-15,1 wk ahead inc death,55,2021-02-20,quantile,0.65,78.35000000000008
2021-02-15,1 wk ahead inc death,55,2021-02-20,quantile,0.7,81
2021-02-15,1 wk ahead inc death,55,2021-02-20,quantile,0.75,85
2021-02-15,1 wk ahead inc death,55,2021-02-20,quantile,0.8,94
2021-02-15,1 wk ahead inc death,55,2021-02-20,quantile,0.85,98.15000000000003
2021-02-15,1 wk ahead inc death,55,2021-02-20,quantile,0.9,113
2021-02-15,1 wk ahead inc death,55,2021-02-20,quantile,0.95,142.04999999999995
2021-02-15,1 wk ahead inc death,55,2021-02-20,quantile,0.975,164.0999999999999
2021-02-15,1 wk ahead inc death,55,2021-02-20,quantile,0.99,182.05999999999995
2021-02-15,1 wk ahead inc death,55,2021-02-20,point,NA,69
2021-02-15,2 wk ahead cum death,17,2021-02-27,quantile,0.01,22268.8
2021-02-15,2 wk ahead cum death,17,2021-02-27,quantile,0.025,22289.4
2021-02-15,2 wk ahead cum death,17,2021-02-27,quantile,0.05,22311
2021-02-15,2 wk ahead cum death,17,2021-02-27,quantile,0.1,22328.6
2021-02-15,2 wk ahead cum death,17,2021-02-27,quantile,0.15,22344
2021-02-15,2 wk ahead cum death,17,2021-02-27,quantile,0.2,22354.199999999997
2021-02-15,2 wk ahead cum death,17,2021-02-27,quantile,0.25,22366
2021-02-15,2 wk ahead cum death,17,2021-02-27,quantile,0.3,22378.8
2021-02-15,2 wk ahead cum death,17,2021-02-27,quantile,0.35,22388
2021-02-15,2 wk ahead cum death,17,2021-02-27,quantile,0.4,22398
2021-02-15,2 wk ahead cum death,17,2021-02-27,quantile,0.45,22405.2
2021-02-15,2 wk ahead cum death,17,2021-02-27,quantile,0.5,22416
2021-02-15,2 wk ahead cum death,17,2021-02-27,quantile,0.55,22422
2021-02-15,2 wk ahead cum death,17,2021-02-27,quantile,0.6,22427
2021-02-15,2 wk ahead cum death,17,2021-02-27,quantile,0.65,22433
2021-02-15,2 wk ahead cum death,17,2021-02-27,quantile,0.7,22439
2021-02-15,2 wk ahead cum death,17,2021-02-27,quantile,0.75,22446
2021-02-15,2 wk ahead cum death,17,2021-02-27,quantile,0.8,22452
2021-02-15,2 wk ahead cum death,17,2021-02-27,quantile,0.85,22460
2021-02-15,2 wk ahead cum death,17,2021-02-27,quantile,0.9,22469.4
2021-02-15,2 wk ahead cum death,17,2021-02-27,quantile,0.95,22484.2
2021-02-15,2 wk ahead cum death,17,2021-02-27,quantile,0.975,22496
2021-02-15,2 wk ahead cum death,17,2021-02-27,quantile,0.99,22505.08
2021-02-15,2 wk ahead cum death,17,2021-02-27,point,NA,22416
2021-02-15,2 wk ahead cum death,18,2021-02-27,quantile,0.01,12234.99
2021-02-15,2 wk ahead cum death,18,2021-02-27,quantile,0.025,12241
2021-02-15,2 wk ahead cum death,18,2021-02-27,quantile,0.05,12245.95
2021-02-15,2 wk ahead cum death,18,2021-02-27,quantile,0.1,12250
2021-02-15,2 wk ahead cum death,18,2021-02-27,quantile,0.15,12255
2021-02-15,2 wk ahead cum death,18,2021-02-27,quantile,0.2,12257
2021-02-15,2 wk ahead cum death,18,2021-02-27,quantile,0.25,12260
2021-02-15,2 wk ahead cum death,18,2021-02-27,quantile,0.3,12262
2021-02-15,2 wk ahead cum death,18,2021-02-27,quantile,0.35,12265
2021-02-15,2 wk ahead cum death,18,2021-02-27,quantile,0.4,12267.6
2021-02-15,2 wk ahead cum death,18,2021-02-27,quantile,0.45,12270
2021-02-15,2 wk ahead cum death,18,2021-02-27,quantile,0.5,12273
2021-02-15,2 wk ahead cum death,18,2021-02-27,quantile,0.55,12276
2021-02-15,2 wk ahead cum death,18,2021-02-27,quantile,0.6,12278
2021-02-15,2 wk ahead cum death,18,2021-02-27,quantile,0.65,12281
2021-02-15,2 wk ahead cum death,18,2021-02-27,quantile,0.7,12284
2021-02-15,2 wk ahead cum death,18,2021-02-27,quantile,0.75,12288
2021-02-15,2 wk ahead cum death,18,2021-02-27,quantile,0.8,12293
2021-02-15,2 wk ahead cum death,18,2021-02-27,quantile,0.85,12299.150000000001
2021-02-15,2 wk ahead cum death,18,2021-02-27,quantile,0.9,12307.1
2021-02-15,2 wk ahead cum death,18,2021-02-27,quantile,0.95,12328
2021-02-15,2 wk ahead cum death,18,2021-02-27,quantile,0.975,12358.525000000001
2021-02-15,2 wk ahead cum death,18,2021-02-27,quantile,0.99,12412.140000000001
2021-02-15,2 wk ahead cum death,18,2021-02-27,point,NA,12273
2021-02-15,2 wk ahead cum death,21,2021-02-27,quantile,0.01,4387.91
2021-02-15,2 wk ahead cum death,21,2021-02-27,quantile,0.025,4424.375
2021-02-15,2 wk ahead cum death,21,2021-02-27,quantile,0.05,4441
2021-02-15,2 wk ahead cum death,21,2021-02-27,quantile,0.1,4460
2021-02-15,2 wk ahead cum death,21,2021-02-27,quantile,0.15,4471
2021-02-15,2 wk ahead cum death,21,2021-02-27,quantile,0.2,4483.799999999999
2021-02-15,2 wk ahead cum death,21,2021-02-27,quantile,0.25,4494
2021-02-15,2 wk ahead cum death,21,2021-02-27,quantile,0.3,4501
2021-02-15,2 wk ahead cum death,21,2021-02-27,quantile,0.35,4510
2021-02-15,2 wk ahead cum death,21,2021-02-27,quantile,0.4,4516
2021-02-15,2 wk ahead cum death,21,2021-02-27,quantile,0.45,4523
2021-02-15,2 wk ahead cum death,21,2021-02-27,quantile,0.5,4533
2021-02-15,2 wk ahead cum death,21,2021-02-27,quantile,0.55,4541.450000000001
2021-02-15,2 wk ahead cum death,21,2021-02-27,quantile,0.6,4548
2021-02-15,2 wk ahead cum death,21,2021-02-27,quantile,0.65,4558.35
2021-02-15,2 wk ahead cum death,21,2021-02-27,quantile,0.7,4567
2021-02-15,2 wk ahead cum death,21,2021-02-27,quantile,0.75,4581
2021-02-15,2 wk ahead cum death,21,2021-02-27,quantile,0.8,4591.2
2021-02-15,2 wk ahead cum death,21,2021-02-27,quantile,0.85,4613.3
2021-02-15,2 wk ahead cum death,21,2021-02-27,quantile,0.9,4639
2021-02-15,2 wk ahead cum death,21,2021-02-27,quantile,0.95,4670.1
2021-02-15,2 wk ahead cum death,21,2021-02-27,quantile,0.975,4707.35
2021-02-15,2 wk ahead cum death,21,2021-02-27,quantile,0.99,4763.030000000001
2021-02-15,2 wk ahead cum death,21,2021-02-27,point,NA,4533
2021-02-15,2 wk ahead cum death,26,2021-02-27,quantile,0.01,16164.98
2021-02-15,2 wk ahead cum death,26,2021-02-27,quantile,0.025,16174.45
2021-02-15,2 wk ahead cum death,26,2021-02-27,quantile,0.05,16184.8
2021-02-15,2 wk ahead cum death,26,2021-02-27,quantile,0.1,16206
2021-02-15,2 wk ahead cum death,26,2021-02-27,quantile,0.15,16217.7
2021-02-15,2 wk ahead cum death,26,2021-02-27,quantile,0.2,16232.599999999999
2021-02-15,2 wk ahead cum death,26,2021-02-27,quantile,0.25,16245
2021-02-15,2 wk ahead cum death,26,2021-02-27,quantile,0.3,16256
2021-02-15,2 wk ahead cum death,26,2021-02-27,quantile,0.35,16265.3
2021-02-15,2 wk ahead cum death,26,2021-02-27,quantile,0.4,16273.2
2021-02-15,2 wk ahead cum death,26,2021-02-27,quantile,0.45,16284.1
2021-02-15,2 wk ahead cum death,26,2021-02-27,quantile,0.5,16292
2021-02-15,2 wk ahead cum death,26,2021-02-27,quantile,0.55,16298
2021-02-15,2 wk ahead cum death,26,2021-02-27,quantile,0.6,16306.8
2021-02-15,2 wk ahead cum death,26,2021-02-27,quantile,0.65,16312
2021-02-15,2 wk ahead cum death,26,2021-02-27,quantile,0.7,16320
2021-02-15,2 wk ahead cum death,26,2021-02-27,quantile,0.75,16325
2021-02-15,2 wk ahead cum death,26,2021-02-27,quantile,0.8,16335
2021-02-15,2 wk ahead cum death,26,2021-02-27,quantile,0.85,16345
2021-02-15,2 wk ahead cum death,26,2021-02-27,quantile,0.9,16360
2021-02-15,2 wk ahead cum death,26,2021-02-27,quantile,0.95,16375.1
2021-02-15,2 wk ahead cum death,26,2021-02-27,quantile,0.975,16384.1
2021-02-15,2 wk ahead cum death,26,2021-02-27,quantile,0.99,16396.02
2021-02-15,2 wk ahead cum death,26,2021-02-27,point,NA,16292
2021-02-15,2 wk ahead cum death,27,2021-02-27,quantile,0.01,6450
2021-02-15,2 wk ahead cum death,27,2021-02-27,quantile,0.025,6455.475
2021-02-15,2 wk ahead cum death,27,2021-02-27,quantile,0.05,6459
2021-02-15,2 wk ahead cum death,27,2021-02-27,quantile,0.1,6464.9
2021-02-15,2 wk ahead cum death,27,2021-02-27,quantile,0.15,6473
2021-02-15,2 wk ahead cum death,27,2021-02-27,quantile,0.2,6478
2021-02-15,2 wk ahead cum death,27,2021-02-27,quantile,0.25,6481
2021-02-15,2 wk ahead cum death,27,2021-02-27,quantile,0.3,6485
2021-02-15,2 wk ahead cum death,27,2021-02-27,quantile,0.35,6489
2021-02-15,2 wk ahead cum death,27,2021-02-27,quantile,0.4,6491
2021-02-15,2 wk ahead cum death,27,2021-02-27,quantile,0.45,6494
2021-02-15,2 wk ahead cum death,27,2021-02-27,quantile,0.5,6498
2021-02-15,2 wk ahead cum death,27,2021-02-27,quantile,0.55,6502
2021-02-15,2 wk ahead cum death,27,2021-02-27,quantile,0.6,6505
2021-02-15,2 wk ahead cum death,27,2021-02-27,quantile,0.65,6509
2021-02-15,2 wk ahead cum death,27,2021-02-27,quantile,0.7,6513.299999999999
2021-02-15,2 wk ahead cum death,27,2021-02-27,quantile,0.75,6520
2021-02-15,2 wk ahead cum death,27,2021-02-27,quantile,0.8,6524
2021-02-15,2 wk ahead cum death,27,2021-02-27,quantile,0.85,6532
2021-02-15,2 wk ahead cum death,27,2021-02-27,quantile,0.9,6549
2021-02-15,2 wk ahead cum death,27,2021-02-27,quantile,0.95,6599
2021-02-15,2 wk ahead cum death,27,2021-02-27,quantile,0.975,6609
2021-02-15,2 wk ahead cum death,27,2021-02-27,quantile,0.99,6632.01
2021-02-15,2 wk ahead cum death,27,2021-02-27,point,NA,6498
2021-02-15,2 wk ahead cum death,39,2021-02-27,quantile,0.01,16831.88
2021-02-15,2 wk ahead cum death,39,2021-02-27,quantile,0.025,16906.399999999998
2021-02-15,2 wk ahead cum death,39,2021-02-27,quantile,0.05,16950
2021-02-15,2 wk ahead cum death,39,2021-02-27,quantile,0.1,16999.2
2021-02-15,2 wk ahead cum death,39,2021-02-27,quantile,0.15,17027
2021-02-15,2 wk ahead cum death,39,2021-02-27,quantile,0.2,17046
2021-02-15,2 wk ahead cum death,39,2021-02-27,quantile,0.25,17072
2021-02-15,2 wk ahead cum death,39,2021-02-27,quantile,0.3,17084
2021-02-15,2 wk ahead cum death,39,2021-02-27,quantile,0.35,17102
2021-02-15,2 wk ahead cum death,39,2021-02-27,quantile,0.4,17120.8
2021-02-15,2 wk ahead cum death,39,2021-02-27,quantile,0.45,17138
2021-02-15,2 wk ahead cum death,39,2021-02-27,quantile,0.5,17162
2021-02-15,2 wk ahead cum death,39,2021-02-27,quantile,0.55,17180.8
2021-02-15,2 wk ahead cum death,39,2021-02-27,quantile,0.6,17199
2021-02-15,2 wk ahead cum death,39,2021-02-27,quantile,0.65,17216.4
2021-02-15,2 wk ahead cum death,39,2021-02-27,quantile,0.7,17238.4
2021-02-15,2 wk ahead cum death,39,2021-02-27,quantile,0.75,17262
2021-02-15,2 wk ahead cum death,39,2021-02-27,quantile,0.8,17290
2021-02-15,2 wk ahead cum death,39,2021-02-27,quantile,0.85,17319.6
2021-02-15,2 wk ahead cum death,39,2021-02-27,quantile,0.9,17362.2
2021-02-15,2 wk ahead cum death,39,2021-02-27,quantile,0.95,17468
2021-02-15,2 wk ahead cum death,39,2021-02-27,quantile,0.975,17557.4
2021-02-15,2 wk ahead cum death,39,2021-02-27,quantile,0.99,17622.04
2021-02-15,2 wk ahead cum death,39,2021-02-27,point,NA,17162
2021-02-15,2 wk ahead cum death,55,2021-02-27,quantile,0.01,6764.99
2021-02-15,2 wk ahead cum death,55,2021-02-27,quantile,0.025,6777.475
2021-02-15,2 wk ahead cum death,55,2021-02-27,quantile,0.05,6789.95
2021-02-15,2 wk ahead cum death,55,2021-02-27,quantile,0.1,6808.9
2021-02-15,2 wk ahead cum death,55,2021-02-27,quantile,0.15,6823
2021-02-15,2 wk ahead cum death,55,2021-02-27,quantile,0.2,6836
2021-02-15,2 wk ahead cum death,55,2021-02-27,quantile,0.25,6845
2021-02-15,2 wk ahead cum death,55,2021-02-27,quantile,0.3,6852.7
2021-02-15,2 wk ahead cum death,55,2021-02-27,quantile,0.35,6858
2021-02-15,2 wk ahead cum death,55,2021-02-27,quantile,0.4,6864
2021-02-15,2 wk ahead cum death,55,2021-02-27,quantile,0.45,6867
2021-02-15,2 wk ahead cum death,55,2021-02-27,quantile,0.5,6874
2021-02-15,2 wk ahead cum death,55,2021-02-27,quantile,0.55,6878
2021-02-15,2 wk ahead cum death,55,2021-02-27,quantile,0.6,6882
2021-02-15,2 wk ahead cum death,55,2021-02-27,quantile,0.65,6889
2021-02-15,2 wk ahead cum death,55,2021-02-27,quantile,0.7,6896
2021-02-15,2 wk ahead cum death,55,2021-02-27,quantile,0.75,6905.25
2021-02-15,2 wk ahead cum death,55,2021-02-27,quantile,0.8,6915
2021-02-15,2 wk ahead cum death,55,2021-02-27,quantile,0.85,6922
2021-02-15,2 wk ahead cum death,55,2021-02-27,quantile,0.9,6951.1
2021-02-15,2 wk ahead cum death,55,2021-02-27,quantile,0.95,7012
2021-02-15,2 wk ahead cum death,55,2021-02-27,quantile,0.975,7054.525
2021-02-15,2 wk ahead cum death,55,2021-02-27,quantile,0.99,7103.05
2021-02-15,2 wk ahead cum death,55,2021-02-27,point,NA,6874
2021-02-15,2 wk ahead inc death,17,2021-02-27,quantile,0.01,79.96
2021-02-15,2 wk ahead inc death,17,2021-02-27,quantile,0.025,85.4
2021-02-15,2 wk ahead inc death,17,2021-02-27,quantile,0.05,93.80000000000001
2021-02-15,2 wk ahead inc death,17,2021-02-27,quantile,0.1,107
2021-02-15,2 wk ahead inc death,17,2021-02-27,quantile,0.15,114
2021-02-15,2 wk ahead inc death,17,2021-02-27,quantile,0.2,119.2
2021-02-15,2 wk ahead inc death,17,2021-02-27,quantile,0.25,125
2021-02-15,2 wk ahead inc death,17,2021-02-27,quantile,0.3,130
2021-02-15,2 wk ahead inc death,17,2021-02-27,quantile,0.35,134.60000000000002
2021-02-15,2 wk ahead inc death,17,2021-02-27,quantile,0.4,139
2021-02-15,2 wk ahead inc death,17,2021-02-27,quantile,0.45,144
2021-02-15,2 wk ahead inc death,17,2021-02-27,quantile,0.5,149
2021-02-15,2 wk ahead inc death,17,2021-02-27,quantile,0.55,152
2021-02-15,2 wk ahead inc death,17,2021-02-27,quantile,0.6,157
2021-02-15,2 wk ahead inc death,17,2021-02-27,quantile,0.65,160.4000000000001
2021-02-15,2 wk ahead inc death,17,2021-02-27,quantile,0.7,164
2021-02-15,2 wk ahead inc death,17,2021-02-27,quantile,0.75,167.00000000000006
2021-02-15,2 wk ahead inc death,17,2021-02-27,quantile,0.8,172
2021-02-15,2 wk ahead inc death,17,2021-02-27,quantile,0.85,176
2021-02-15,2 wk ahead inc death,17,2021-02-27,quantile,0.9,180
2021-02-15,2 wk ahead inc death,17,2021-02-27,quantile,0.95,186
2021-02-15,2 wk ahead inc death,17,2021-02-27,quantile,0.975,191.59999999999997
2021-02-15,2 wk ahead inc death,17,2021-02-27,quantile,0.99,204.28000000000014
2021-02-15,2 wk ahead inc death,17,2021-02-27,point,NA,149
2021-02-15,2 wk ahead inc death,18,2021-02-27,quantile,0.01,33.99
2021-02-15,2 wk ahead inc death,18,2021-02-27,quantile,0.025,36.475
2021-02-15,2 wk ahead inc death,18,2021-02-27,quantile,0.05,38.95
2021-02-15,2 wk ahead inc death,18,2021-02-27,quantile,0.1,42
2021-02-15,2 wk ahead inc death,18,2021-02-27,quantile,0.15,45
2021-02-15,2 wk ahead inc death,18,2021-02-27,quantile,0.2,46
2021-02-15,2 wk ahead inc death,18,2021-02-27,quantile,0.25,48
2021-02-15,2 wk ahead inc death,18,2021-02-27,quantile,0.3,49
2021-02-15,2 wk ahead inc death,18,2021-02-27,quantile,0.35,51
2021-02-15,2 wk ahead inc death,18,2021-02-27,quantile,0.4,51
2021-02-15,2 wk ahead inc death,18,2021-02-27,quantile,0.45,53
2021-02-15,2 wk ahead inc death,18,2021-02-27,quantile,0.5,55
2021-02-15,2 wk ahead inc death,18,2021-02-27,quantile,0.55,57
2021-02-15,2 wk ahead inc death,18,2021-02-27,quantile,0.6,58
2021-02-15,2 wk ahead inc death,18,2021-02-27,quantile,0.65,60
2021-02-15,2 wk ahead inc death,18,2021-02-27,quantile,0.7,61
2021-02-15,2 wk ahead inc death,18,2021-02-27,quantile,0.75,63
2021-02-15,2 wk ahead inc death,18,2021-02-27,quantile,0.8,66
2021-02-15,2 wk ahead inc death,18,2021-02-27,quantile,0.85,69
2021-02-15,2 wk ahead inc death,18,2021-02-27,quantile,0.9,74
2021-02-15,2 wk ahead inc death,18,2021-02-27,quantile,0.95,83
2021-02-15,2 wk ahead inc death,18,2021-02-27,quantile,0.975,95.57499999999993
2021-02-15,2 wk ahead inc death,18,2021-02-27,quantile,0.99,115.03999999999996
2021-02-15,2 wk ahead inc death,18,2021-02-27,point,NA,55
2021-02-15,2 wk ahead inc death,21,2021-02-27,quantile,0.01,52.97
2021-02-15,2 wk ahead inc death,21,2021-02-27,quantile,0.025,75
2021-02-15,2 wk ahead inc death,21,2021-02-27,quantile,0.05,79.95
2021-02-15,2 wk ahead inc death,21,2021-02-27,quantile,0.1,88.9
2021-02-15,2 wk ahead inc death,21,2021-02-27,quantile,0.15,96.85000000000001
2021-02-15,2 wk ahead inc death,21,2021-02-27,quantile,0.2,102
2021-02-15,2 wk ahead inc death,21,2021-02-27,quantile,0.25,107
2021-02-15,2 wk ahead inc death,21,2021-02-27,quantile,0.3,110
2021-02-15,2 wk ahead inc death,21,2021-02-27,quantile,0.35,115
2021-02-15,2 wk ahead inc death,21,2021-02-27,quantile,0.4,118
2021-02-15,2 wk ahead inc death,21,2021-02-27,quantile,0.45,123
2021-02-15,2 wk ahead inc death,21,2021-02-27,quantile,0.5,127
2021-02-15,2 wk ahead inc death,21,2021-02-27,quantile,0.55,130
2021-02-15,2 wk ahead inc death,21,2021-02-27,quantile,0.6,135
2021-02-15,2 wk ahead inc death,21,2021-02-27,quantile,0.65,139
2021-02-15,2 wk ahead inc death,21,2021-02-27,quantile,0.7,145.3
2021-02-15,2 wk ahead inc death,21,2021-02-27,quantile,0.75,150
2021-02-15,2 wk ahead inc death,21,2021-02-27,quantile,0.8,159
2021-02-15,2 wk ahead inc death,21,2021-02-27,quantile,0.85,167
2021-02-15,2 wk ahead inc death,21,2021-02-27,quantile,0.9,179
2021-02-15,2 wk ahead inc death,21,2021-02-27,quantile,0.95,196.14999999999986
2021-02-15,2 wk ahead inc death,21,2021-02-27,quantile,0.975,222
2021-02-15,2 wk ahead inc death,21,2021-02-27,quantile,0.99,237.0999999999999
2021-02-15,2 wk ahead inc death,21,2021-02-27,point,NA,127
2021-02-15,2 wk ahead inc death,26,2021-02-27,quantile,0.01,20.98
2021-02-15,2 wk ahead inc death,26,2021-02-27,quantile,0.025,24
2021-02-15,2 wk ahead inc death,26,2021-02-27,quantile,0.05,29
2021-02-15,2 wk ahead inc death,26,2021-02-27,quantile,0.1,38
2021-02-15,2 wk ahead inc death,26,2021-02-27,quantile,0.15,44
2021-02-15,2 wk ahead inc death,26,2021-02-27,quantile,0.2,49
2021-02-15,2 wk ahead inc death,26,2021-02-27,quantile,0.25,56
2021-02-15,2 wk ahead inc death,26,2021-02-27,quantile,0.3,61.400000000000006
2021-02-15,2 wk ahead inc death,26,2021-02-27,quantile,0.35,66
2021-02-15,2 wk ahead inc death,26,2021-02-27,quantile,0.4,70.20000000000002
2021-02-15,2 wk ahead inc death,26,2021-02-27,quantile,0.45,75
2021-02-15,2 wk ahead inc death,26,2021-02-27,quantile,0.5,79
2021-02-15,2 wk ahead inc death,26,2021-02-27,quantile,0.55,82
2021-02-15,2 wk ahead inc death,26,2021-02-27,quantile,0.6,86
2021-02-15,2 wk ahead inc death,26,2021-02-27,quantile,0.65,90.70000000000005
2021-02-15,2 wk ahead inc death,26,2021-02-27,quantile,0.7,94
2021-02-15,2 wk ahead inc death,26,2021-02-27,quantile,0.75,97
2021-02-15,2 wk ahead inc death,26,2021-02-27,quantile,0.8,101
2021-02-15,2 wk ahead inc death,26,2021-02-27,quantile,0.85,104
2021-02-15,2 wk ahead inc death,26,2021-02-27,quantile,0.9,113
2021-02-15,2 wk ahead inc death,26,2021-02-27,quantile,0.95,125
2021-02-15,2 wk ahead inc death,26,2021-02-27,quantile,0.975,130.55
2021-02-15,2 wk ahead inc death,26,2021-02-27,quantile,0.99,139.03999999999996
2021-02-15,2 wk ahead inc death,26,2021-02-27,point,NA,79
2021-02-15,2 wk ahead inc death,27,2021-02-27,quantile,0.01,5
2021-02-15,2 wk ahead inc death,27,2021-02-27,quantile,0.025,7
2021-02-15,2 wk ahead inc death,27,2021-02-27,quantile,0.05,10
2021-02-15,2 wk ahead inc death,27,2021-02-27,quantile,0.1,13
2021-02-15,2 wk ahead inc death,27,2021-02-27,quantile,0.15,16
2021-02-15,2 wk ahead inc death,27,2021-02-27,quantile,0.2,18.80000000000001
2021-02-15,2 wk ahead inc death,27,2021-02-27,quantile,0.25,21
2021-02-15,2 wk ahead inc death,27,2021-02-27,quantile,0.3,23
2021-02-15,2 wk ahead inc death,27,2021-02-27,quantile,0.35,24
2021-02-15,2 wk ahead inc death,27,2021-02-27,quantile,0.4,26
2021-02-15,2 wk ahead inc death,27,2021-02-27,quantile,0.45,27
2021-02-15,2 wk ahead inc death,27,2021-02-27,quantile,0.5,28
2021-02-15,2 wk ahead inc death,27,2021-02-27,quantile,0.55,30
2021-02-15,2 wk ahead inc death,27,2021-02-27,quantile,0.6,32
2021-02-15,2 wk ahead inc death,27,2021-02-27,quantile,0.65,34
2021-02-15,2 wk ahead inc death,27,2021-02-27,quantile,0.7,36
2021-02-15,2 wk ahead inc death,27,2021-02-27,quantile,0.75,38
2021-02-15,2 wk ahead inc death,27,2021-02-27,quantile,0.8,41
2021-02-15,2 wk ahead inc death,27,2021-02-27,quantile,0.85,46.150000000000034
2021-02-15,2 wk ahead inc death,27,2021-02-27,quantile,0.9,58
2021-02-15,2 wk ahead inc death,27,2021-02-27,quantile,0.95,75
2021-02-15,2 wk ahead inc death,27,2021-02-27,quantile,0.975,81
2021-02-15,2 wk ahead inc death,27,2021-02-27,quantile,0.99,91.00999999999999
2021-02-15,2 wk ahead inc death,27,2021-02-27,point,NA,28
2021-02-15,2 wk ahead inc death,39,2021-02-27,quantile,0.01,247.84
2021-02-15,2 wk ahead inc death,39,2021-02-27,quantile,0.025,272.6
2021-02-15,2 wk ahead inc death,39,2021-02-27,quantile,0.05,289
2021-02-15,2 wk ahead inc death,39,2021-02-27,quantile,0.1,311
2021-02-15,2 wk ahead inc death,39,2021-02-27,quantile,0.15,325
2021-02-15,2 wk ahead inc death,39,2021-02-27,quantile,0.2,335
2021-02-15,2 wk ahead inc death,39,2021-02-27,quantile,0.25,344
2021-02-15,2 wk ahead inc death,39,2021-02-27,quantile,0.3,353.79999999999995
2021-02-15,2 wk ahead inc death,39,2021-02-27,quantile,0.35,363
2021-02-15,2 wk ahead inc death,39,2021-02-27,quantile,0.4,370
2021-02-15,2 wk ahead inc death,39,2021-02-27,quantile,0.45,380
2021-02-15,2 wk ahead inc death,39,2021-02-27,quantile,0.5,386
2021-02-15,2 wk ahead inc death,39,2021-02-27,quantile,0.55,396.8
2021-02-15,2 wk ahead inc death,39,2021-02-27,quantile,0.6,403.6
2021-02-15,2 wk ahead inc death,39,2021-02-27,quantile,0.65,415
2021-02-15,2 wk ahead inc death,39,2021-02-27,quantile,0.7,429.20000000000005
2021-02-15,2 wk ahead inc death,39,2021-02-27,quantile,0.75,436
2021-02-15,2 wk ahead inc death,39,2021-02-27,quantile,0.8,448.8
2021-02-15,2 wk ahead inc death,39,2021-02-27,quantile,0.85,467.6
2021-02-15,2 wk ahead inc death,39,2021-02-27,quantile,0.9,487.8000000000002
2021-02-15,2 wk ahead inc death,39,2021-02-27,quantile,0.95,537.2
2021-02-15,2 wk ahead inc death,39,2021-02-27,quantile,0.975,584.5999999999999
2021-02-15,2 wk ahead inc death,39,2021-02-27,quantile,0.99,617.1200000000001
2021-02-15,2 wk ahead inc death,39,2021-02-27,point,NA,386
2021-02-15,2 wk ahead inc death,55,2021-02-27,quantile,0.01,9.99
2021-02-15,2 wk ahead inc death,55,2021-02-27,quantile,0.025,16
2021-02-15,2 wk ahead inc death,55,2021-02-27,quantile,0.05,22.950000000000003
2021-02-15,2 wk ahead inc death,55,2021-02-27,quantile,0.1,29.900000000000006
2021-02-15,2 wk ahead inc death,55,2021-02-27,quantile,0.15,35
2021-02-15,2 wk ahead inc death,55,2021-02-27,quantile,0.2,41
2021-02-15,2 wk ahead inc death,55,2021-02-27,quantile,0.25,46
2021-02-15,2 wk ahead inc death,55,2021-02-27,quantile,0.3,50
2021-02-15,2 wk ahead inc death,55,2021-02-27,quantile,0.35,52
2021-02-15,2 wk ahead inc death,55,2021-02-27,quantile,0.4,55
2021-02-15,2 wk ahead inc death,55,2021-02-27,quantile,0.45,58
2021-02-15,2 wk ahead inc death,55,2021-02-27,quantile,0.5,60
2021-02-15,2 wk ahead inc death,55,2021-02-27,quantile,0.55,63
2021-02-15,2 wk ahead inc death,55,2021-02-27,quantile,0.6,65.40000000000003
2021-02-15,2 wk ahead inc death,55,2021-02-27,quantile,0.65,70
2021-02-15,2 wk ahead inc death,55,2021-02-27,quantile,0.7,72
2021-02-15,2 wk ahead inc death,55,2021-02-27,quantile,0.75,75
2021-02-15,2 wk ahead inc death,55,2021-02-27,quantile,0.8,80
2021-02-15,2 wk ahead inc death,55,2021-02-27,quantile,0.85,85
2021-02-15,2 wk ahead inc death,55,2021-02-27,quantile,0.9,96.10000000000008
2021-02-15,2 wk ahead inc death,55,2021-02-27,quantile,0.95,126
2021-02-15,2 wk ahead inc death,55,2021-02-27,quantile,0.975,149.04999999999995
2021-02-15,2 wk ahead inc death,55,2021-02-27,quantile,0.99,172.02999999999997
2021-02-15,2 wk ahead inc death,55,2021-02-27,point,NA,60
2021-02-15,3 wk ahead cum death,17,2021-03-06,quantile,0.01,22350.44
2021-02-15,3 wk ahead cum death,17,2021-03-06,quantile,0.025,22366
2021-02-15,3 wk ahead cum death,17,2021-03-06,quantile,0.05,22384
2021-02-15,3 wk ahead cum death,17,2021-03-06,quantile,0.1,22417.2
2021-02-15,3 wk ahead cum death,17,2021-03-06,quantile,0.15,22436.800000000003
2021-02-15,3 wk ahead cum death,17,2021-03-06,quantile,0.2,22454.199999999997
2021-02-15,3 wk ahead cum death,17,2021-03-06,quantile,0.25,22470
2021-02-15,3 wk ahead cum death,17,2021-03-06,quantile,0.3,22486
2021-02-15,3 wk ahead cum death,17,2021-03-06,quantile,0.35,22499.6
2021-02-15,3 wk ahead cum death,17,2021-03-06,quantile,0.4,22514
2021-02-15,3 wk ahead cum death,17,2021-03-06,quantile,0.45,22530.199999999997
2021-02-15,3 wk ahead cum death,17,2021-03-06,quantile,0.5,22541
2021-02-15,3 wk ahead cum death,17,2021-03-06,quantile,0.55,22551
2021-02-15,3 wk ahead cum death,17,2021-03-06,quantile,0.6,22559
2021-02-15,3 wk ahead cum death,17,2021-03-06,quantile,0.65,22570
2021-02-15,3 wk ahead cum death,17,2021-03-06,quantile,0.7,22580
2021-02-15,3 wk ahead cum death,17,2021-03-06,quantile,0.75,22589
2021-02-15,3 wk ahead cum death,17,2021-03-06,quantile,0.8,22599
2021-02-15,3 wk ahead cum death,17,2021-03-06,quantile,0.85,22609.6
2021-02-15,3 wk ahead cum death,17,2021-03-06,quantile,0.9,22622
2021-02-15,3 wk ahead cum death,17,2021-03-06,quantile,0.95,22639.2
2021-02-15,3 wk ahead cum death,17,2021-03-06,quantile,0.975,22659.199999999997
2021-02-15,3 wk ahead cum death,17,2021-03-06,quantile,0.99,22674.12
2021-02-15,3 wk ahead cum death,17,2021-03-06,point,NA,22541
2021-02-15,3 wk ahead cum death,18,2021-03-06,quantile,0.01,12264.99
2021-02-15,3 wk ahead cum death,18,2021-03-06,quantile,0.025,12273.475
2021-02-15,3 wk ahead cum death,18,2021-03-06,quantile,0.05,12280
2021-02-15,3 wk ahead cum death,18,2021-03-06,quantile,0.1,12288
2021-02-15,3 wk ahead cum death,18,2021-03-06,quantile,0.15,12293
2021-02-15,3 wk ahead cum death,18,2021-03-06,quantile,0.2,12297
2021-02-15,3 wk ahead cum death,18,2021-03-06,quantile,0.25,12300.75
2021-02-15,3 wk ahead cum death,18,2021-03-06,quantile,0.3,12304
2021-02-15,3 wk ahead cum death,18,2021-03-06,quantile,0.35,12306
2021-02-15,3 wk ahead cum death,18,2021-03-06,quantile,0.4,12310.599999999999
2021-02-15,3 wk ahead cum death,18,2021-03-06,quantile,0.45,12312.55
2021-02-15,3 wk ahead cum death,18,2021-03-06,quantile,0.5,12315.5
2021-02-15,3 wk ahead cum death,18,2021-03-06,quantile,0.55,12320
2021-02-15,3 wk ahead cum death,18,2021-03-06,quantile,0.6,12324
2021-02-15,3 wk ahead cum death,18,2021-03-06,quantile,0.65,12328
2021-02-15,3 wk ahead cum death,18,2021-03-06,quantile,0.7,12333
2021-02-15,3 wk ahead cum death,18,2021-03-06,quantile,0.75,12338
2021-02-15,3 wk ahead cum death,18,2021-03-06,quantile,0.8,12343
2021-02-15,3 wk ahead cum death,18,2021-03-06,quantile,0.85,12351
2021-02-15,3 wk ahead cum death,18,2021-03-06,quantile,0.9,12362.1
2021-02-15,3 wk ahead cum death,18,2021-03-06,quantile,0.95,12390
2021-02-15,3 wk ahead cum death,18,2021-03-06,quantile,0.975,12438.724999999999
2021-02-15,3 wk ahead cum death,18,2021-03-06,quantile,0.99,12489.47
2021-02-15,3 wk ahead cum death,18,2021-03-06,point,NA,12315.5
2021-02-15,3 wk ahead cum death,21,2021-03-06,quantile,0.01,4450.86
2021-02-15,3 wk ahead cum death,21,2021-03-06,quantile,0.025,4491.425
2021-02-15,3 wk ahead cum death,21,2021-03-06,quantile,0.05,4521.9000000000005
2021-02-15,3 wk ahead cum death,21,2021-03-06,quantile,0.1,4546.9
2021-02-15,3 wk ahead cum death,21,2021-03-06,quantile,0.15,4566.85
2021-02-15,3 wk ahead cum death,21,2021-03-06,quantile,0.2,4588
2021-02-15,3 wk ahead cum death,21,2021-03-06,quantile,0.25,4598
2021-02-15,3 wk ahead cum death,21,2021-03-06,quantile,0.3,4606
2021-02-15,3 wk ahead cum death,21,2021-03-06,quantile,0.35,4618
2021-02-15,3 wk ahead cum death,21,2021-03-06,quantile,0.4,4629
2021-02-15,3 wk ahead cum death,21,2021-03-06,quantile,0.45,4637.55
2021-02-15,3 wk ahead cum death,21,2021-03-06,quantile,0.5,4649
2021-02-15,3 wk ahead cum death,21,2021-03-06,quantile,0.55,4661.9000000000005
2021-02-15,3 wk ahead cum death,21,2021-03-06,quantile,0.6,4675
2021-02-15,3 wk ahead cum death,21,2021-03-06,quantile,0.65,4687.35
2021-02-15,3 wk ahead cum death,21,2021-03-06,quantile,0.7,4707.6
2021-02-15,3 wk ahead cum death,21,2021-03-06,quantile,0.75,4722.25
2021-02-15,3 wk ahead cum death,21,2021-03-06,quantile,0.8,4746
2021-02-15,3 wk ahead cum death,21,2021-03-06,quantile,0.85,4772.15
2021-02-15,3 wk ahead cum death,21,2021-03-06,quantile,0.9,4809
2021-02-15,3 wk ahead cum death,21,2021-03-06,quantile,0.95,4856.15
2021-02-15,3 wk ahead cum death,21,2021-03-06,quantile,0.975,4912.4
2021-02-15,3 wk ahead cum death,21,2021-03-06,quantile,0.99,4983.13
2021-02-15,3 wk ahead cum death,21,2021-03-06,point,NA,4649
2021-02-15,3 wk ahead cum death,26,2021-03-06,quantile,0.01,16183.960000000001
2021-02-15,3 wk ahead cum death,26,2021-03-06,quantile,0.025,16196.45
2021-02-15,3 wk ahead cum death,26,2021-03-06,quantile,0.05,16210
2021-02-15,3 wk ahead cum death,26,2021-03-06,quantile,0.1,16238
2021-02-15,3 wk ahead cum death,26,2021-03-06,quantile,0.15,16257
2021-02-15,3 wk ahead cum death,26,2021-03-06,quantile,0.2,16273
2021-02-15,3 wk ahead cum death,26,2021-03-06,quantile,0.25,16290
2021-02-15,3 wk ahead cum death,26,2021-03-06,quantile,0.3,16305
2021-02-15,3 wk ahead cum death,26,2021-03-06,quantile,0.35,16317.3
2021-02-15,3 wk ahead cum death,26,2021-03-06,quantile,0.4,16336
2021-02-15,3 wk ahead cum death,26,2021-03-06,quantile,0.45,16347
2021-02-15,3 wk ahead cum death,26,2021-03-06,quantile,0.5,16360
2021-02-15,3 wk ahead cum death,26,2021-03-06,quantile,0.55,16372
2021-02-15,3 wk ahead cum death,26,2021-03-06,quantile,0.6,16381
2021-02-15,3 wk ahead cum death,26,2021-03-06,quantile,0.65,16395.7
2021-02-15,3 wk ahead cum death,26,2021-03-06,quantile,0.7,16404
2021-02-15,3 wk ahead cum death,26,2021-03-06,quantile,0.75,16414
2021-02-15,3 wk ahead cum death,26,2021-03-06,quantile,0.8,16426.4
2021-02-15,3 wk ahead cum death,26,2021-03-06,quantile,0.85,16440.300000000003
2021-02-15,3 wk ahead cum death,26,2021-03-06,quantile,0.9,16458.2
2021-02-15,3 wk ahead cum death,26,2021-03-06,quantile,0.95,16483.100000000002
2021-02-15,3 wk ahead cum death,26,2021-03-06,quantile,0.975,16499.55
2021-02-15,3 wk ahead cum death,26,2021-03-06,quantile,0.99,16524.1
2021-02-15,3 wk ahead cum death,26,2021-03-06,point,NA,16360
2021-02-15,3 wk ahead cum death,27,2021-03-06,quantile,0.01,6455
2021-02-15,3 wk ahead cum death,27,2021-03-06,quantile,0.025,6462
2021-02-15,3 wk ahead cum death,27,2021-03-06,quantile,0.05,6470
2021-02-15,3 wk ahead cum death,27,2021-03-06,quantile,0.1,6478.9
2021-02-15,3 wk ahead cum death,27,2021-03-06,quantile,0.15,6488.8499999999995
2021-02-15,3 wk ahead cum death,27,2021-03-06,quantile,0.2,6496
2021-02-15,3 wk ahead cum death,27,2021-03-06,quantile,0.25,6502
2021-02-15,3 wk ahead cum death,27,2021-03-06,quantile,0.3,6506.7
2021-02-15,3 wk ahead cum death,27,2021-03-06,quantile,0.35,6511.6500000000005
2021-02-15,3 wk ahead cum death,27,2021-03-06,quantile,0.4,6514
2021-02-15,3 wk ahead cum death,27,2021-03-06,quantile,0.45,6520
2021-02-15,3 wk ahead cum death,27,2021-03-06,quantile,0.5,6525
2021-02-15,3 wk ahead cum death,27,2021-03-06,quantile,0.55,6530
2021-02-15,3 wk ahead cum death,27,2021-03-06,quantile,0.6,6535.4
2021-02-15,3 wk ahead cum death,27,2021-03-06,quantile,0.65,6541
2021-02-15,3 wk ahead cum death,27,2021-03-06,quantile,0.7,6548.3
2021-02-15,3 wk ahead cum death,27,2021-03-06,quantile,0.75,6555
2021-02-15,3 wk ahead cum death,27,2021-03-06,quantile,0.8,6563
2021-02-15,3 wk ahead cum death,27,2021-03-06,quantile,0.85,6576
2021-02-15,3 wk ahead cum death,27,2021-03-06,quantile,0.9,6597.1
2021-02-15,3 wk ahead cum death,27,2021-03-06,quantile,0.95,6665.049999999999
2021-02-15,3 wk ahead cum death,27,2021-03-06,quantile,0.975,6682.525
2021-02-15,3 wk ahead cum death,27,2021-03-06,quantile,0.99,6704.0599999999995
2021-02-15,3 wk ahead cum death,27,2021-03-06,point,NA,6525
2021-02-15,3 wk ahead cum death,39,2021-03-06,quantile,0.01,17078.52
2021-02-15,3 wk ahead cum death,39,2021-03-06,quantile,0.025,17158
2021-02-15,3 wk ahead cum death,39,2021-03-06,quantile,0.05,17232
2021-02-15,3 wk ahead cum death,39,2021-03-06,quantile,0.1,17283
2021-02-15,3 wk ahead cum death,39,2021-03-06,quantile,0.15,17318.4
2021-02-15,3 wk ahead cum death,39,2021-03-06,quantile,0.2,17347.4
2021-02-15,3 wk ahead cum death,39,2021-03-06,quantile,0.25,17374
2021-02-15,3 wk ahead cum death,39,2021-03-06,quantile,0.3,17404
2021-02-15,3 wk ahead cum death,39,2021-03-06,quantile,0.35,17429
2021-02-15,3 wk ahead cum death,39,2021-03-06,quantile,0.4,17450.399999999998
2021-02-15,3 wk ahead cum death,39,2021-03-06,quantile,0.45,17474.4
2021-02-15,3 wk ahead cum death,39,2021-03-06,quantile,0.5,17499
2021-02-15,3 wk ahead cum death,39,2021-03-06,quantile,0.55,17529.600000000002
2021-02-15,3 wk ahead cum death,39,2021-03-06,quantile,0.6,17557
2021-02-15,3 wk ahead cum death,39,2021-03-06,quantile,0.65,17583.4
2021-02-15,3 wk ahead cum death,39,2021-03-06,quantile,0.7,17618.2
2021-02-15,3 wk ahead cum death,39,2021-03-06,quantile,0.75,17643
2021-02-15,3 wk ahead cum death,39,2021-03-06,quantile,0.8,17683.2
2021-02-15,3 wk ahead cum death,39,2021-03-06,quantile,0.85,17729.2
2021-02-15,3 wk ahead cum death,39,2021-03-06,quantile,0.9,17792.4
2021-02-15,3 wk ahead cum death,39,2021-03-06,quantile,0.95,17939.4
2021-02-15,3 wk ahead cum death,39,2021-03-06,quantile,0.975,18097.199999999997
2021-02-15,3 wk ahead cum death,39,2021-03-06,quantile,0.99,18188.32
2021-02-15,3 wk ahead cum death,39,2021-03-06,point,NA,17499
2021-02-15,3 wk ahead cum death,55,2021-03-06,quantile,0.01,6774
2021-02-15,3 wk ahead cum death,55,2021-03-06,quantile,0.025,6793.424999999999
2021-02-15,3 wk ahead cum death,55,2021-03-06,quantile,0.05,6811.950000000001
2021-02-15,3 wk ahead cum death,55,2021-03-06,quantile,0.1,6835.9
2021-02-15,3 wk ahead cum death,55,2021-03-06,quantile,0.15,6855
2021-02-15,3 wk ahead cum death,55,2021-03-06,quantile,0.2,6872
2021-02-15,3 wk ahead cum death,55,2021-03-06,quantile,0.25,6886.75
2021-02-15,3 wk ahead cum death,55,2021-03-06,quantile,0.3,6896.7
2021-02-15,3 wk ahead cum death,55,2021-03-06,quantile,0.35,6904
2021-02-15,3 wk ahead cum death,55,2021-03-06,quantile,0.4,6911
2021-02-15,3 wk ahead cum death,55,2021-03-06,quantile,0.45,6919
2021-02-15,3 wk ahead cum death,55,2021-03-06,quantile,0.5,6927
2021-02-15,3 wk ahead cum death,55,2021-03-06,quantile,0.55,6934
2021-02-15,3 wk ahead cum death,55,2021-03-06,quantile,0.6,6941
2021-02-15,3 wk ahead cum death,55,2021-03-06,quantile,0.65,6950.35
2021-02-15,3 wk ahead cum death,55,2021-03-06,quantile,0.7,6959.3
2021-02-15,3 wk ahead cum death,55,2021-03-06,quantile,0.75,6972.25
2021-02-15,3 wk ahead cum death,55,2021-03-06,quantile,0.8,6983
2021-02-15,3 wk ahead cum death,55,2021-03-06,quantile,0.85,6998
2021-02-15,3 wk ahead cum death,55,2021-03-06,quantile,0.9,7032.1
2021-02-15,3 wk ahead cum death,55,2021-03-06,quantile,0.95,7123.1
2021-02-15,3 wk ahead cum death,55,2021-03-06,quantile,0.975,7205.525
2021-02-15,3 wk ahead cum death,55,2021-03-06,quantile,0.99,7273.179999999999
2021-02-15,3 wk ahead cum death,55,2021-03-06,point,NA,6927
2021-02-15,3 wk ahead inc death,17,2021-03-06,quantile,0.01,60
2021-02-15,3 wk ahead inc death,17,2021-03-06,quantile,0.025,69
2021-02-15,3 wk ahead inc death,17,2021-03-06,quantile,0.05,76.8
2021-02-15,3 wk ahead inc death,17,2021-03-06,quantile,0.1,86
2021-02-15,3 wk ahead inc death,17,2021-03-06,quantile,0.15,91.4
2021-02-15,3 wk ahead inc death,17,2021-03-06,quantile,0.2,96
2021-02-15,3 wk ahead inc death,17,2021-03-06,quantile,0.25,103
2021-02-15,3 wk ahead inc death,17,2021-03-06,quantile,0.3,106
2021-02-15,3 wk ahead inc death,17,2021-03-06,quantile,0.35,110
2021-02-15,3 wk ahead inc death,17,2021-03-06,quantile,0.4,114
2021-02-15,3 wk ahead inc death,17,2021-03-06,quantile,0.45,119
2021-02-15,3 wk ahead inc death,17,2021-03-06,quantile,0.5,123
2021-02-15,3 wk ahead inc death,17,2021-03-06,quantile,0.55,126.80000000000001
2021-02-15,3 wk ahead inc death,17,2021-03-06,quantile,0.6,131
2021-02-15,3 wk ahead inc death,17,2021-03-06,quantile,0.65,135
2021-02-15,3 wk ahead inc death,17,2021-03-06,quantile,0.7,138
2021-02-15,3 wk ahead inc death,17,2021-03-06,quantile,0.75,144
2021-02-15,3 wk ahead inc death,17,2021-03-06,quantile,0.8,149
2021-02-15,3 wk ahead inc death,17,2021-03-06,quantile,0.85,153
2021-02-15,3 wk ahead inc death,17,2021-03-06,quantile,0.9,159
2021-02-15,3 wk ahead inc death,17,2021-03-06,quantile,0.95,166
2021-02-15,3 wk ahead inc death,17,2021-03-06,quantile,0.975,172.19999999999993
2021-02-15,3 wk ahead inc death,17,2021-03-06,quantile,0.99,182
2021-02-15,3 wk ahead inc death,17,2021-03-06,point,NA,123
2021-02-15,3 wk ahead inc death,18,2021-03-06,quantile,0.01,24.990000000000002
2021-02-15,3 wk ahead inc death,18,2021-03-06,quantile,0.025,28
2021-02-15,3 wk ahead inc death,18,2021-03-06,quantile,0.05,30
2021-02-15,3 wk ahead inc death,18,2021-03-06,quantile,0.1,34
2021-02-15,3 wk ahead inc death,18,2021-03-06,quantile,0.15,36
2021-02-15,3 wk ahead inc death,18,2021-03-06,quantile,0.2,37
2021-02-15,3 wk ahead inc death,18,2021-03-06,quantile,0.25,38.75
2021-02-15,3 wk ahead inc death,18,2021-03-06,quantile,0.3,39
2021-02-15,3 wk ahead inc death,18,2021-03-06,quantile,0.35,40
2021-02-15,3 wk ahead inc death,18,2021-03-06,quantile,0.4,42
2021-02-15,3 wk ahead inc death,18,2021-03-06,quantile,0.45,43
2021-02-15,3 wk ahead inc death,18,2021-03-06,quantile,0.5,44
2021-02-15,3 wk ahead inc death,18,2021-03-06,quantile,0.55,45
2021-02-15,3 wk ahead inc death,18,2021-03-06,quantile,0.6,47
2021-02-15,3 wk ahead inc death,18,2021-03-06,quantile,0.65,48
2021-02-15,3 wk ahead inc death,18,2021-03-06,quantile,0.7,50
2021-02-15,3 wk ahead inc death,18,2021-03-06,quantile,0.75,51.25000000000006
2021-02-15,3 wk ahead inc death,18,2021-03-06,quantile,0.8,53
2021-02-15,3 wk ahead inc death,18,2021-03-06,quantile,0.85,56
2021-02-15,3 wk ahead inc death,18,2021-03-06,quantile,0.9,59
2021-02-15,3 wk ahead inc death,18,2021-03-06,quantile,0.95,66.04999999999995
2021-02-15,3 wk ahead inc death,18,2021-03-06,quantile,0.975,75.52499999999998
2021-02-15,3 wk ahead inc death,18,2021-03-06,quantile,0.99,110
2021-02-15,3 wk ahead inc death,18,2021-03-06,point,NA,44
2021-02-15,3 wk ahead inc death,21,2021-03-06,quantile,0.01,57.95
2021-02-15,3 wk ahead inc death,21,2021-03-06,quantile,0.025,67
2021-02-15,3 wk ahead inc death,21,2021-03-06,quantile,0.05,78
2021-02-15,3 wk ahead inc death,21,2021-03-06,quantile,0.1,88.9
2021-02-15,3 wk ahead inc death,21,2021-03-06,quantile,0.15,93
2021-02-15,3 wk ahead inc death,21,2021-03-06,quantile,0.2,98
2021-02-15,3 wk ahead inc death,21,2021-03-06,quantile,0.25,102
2021-02-15,3 wk ahead inc death,21,2021-03-06,quantile,0.3,105
2021-02-15,3 wk ahead inc death,21,2021-03-06,quantile,0.35,108
2021-02-15,3 wk ahead inc death,21,2021-03-06,quantile,0.4,111.60000000000002
2021-02-15,3 wk ahead inc death,21,2021-03-06,quantile,0.45,116
2021-02-15,3 wk ahead inc death,21,2021-03-06,quantile,0.5,119
2021-02-15,3 wk ahead inc death,21,2021-03-06,quantile,0.55,123
2021-02-15,3 wk ahead inc death,21,2021-03-06,quantile,0.6,126
2021-02-15,3 wk ahead inc death,21,2021-03-06,quantile,0.65,132
2021-02-15,3 wk ahead inc death,21,2021-03-06,quantile,0.7,137.3
2021-02-15,3 wk ahead inc death,21,2021-03-06,quantile,0.75,147
2021-02-15,3 wk ahead inc death,21,2021-03-06,quantile,0.8,154.20000000000005
2021-02-15,3 wk ahead inc death,21,2021-03-06,quantile,0.85,164
2021-02-15,3 wk ahead inc death,21,2021-03-06,quantile,0.9,172.20000000000016
2021-02-15,3 wk ahead inc death,21,2021-03-06,quantile,0.95,191.04999999999995
2021-02-15,3 wk ahead inc death,21,2021-03-06,quantile,0.975,209.52499999999998
2021-02-15,3 wk ahead inc death,21,2021-03-06,quantile,0.99,232.04999999999995
2021-02-15,3 wk ahead inc death,21,2021-03-06,point,NA,119
2021-02-15,3 wk ahead inc death,26,2021-03-06,quantile,0.01,12
2021-02-15,3 wk ahead inc death,26,2021-03-06,quantile,0.025,18.450000000000003
2021-02-15,3 wk ahead inc death,26,2021-03-06,quantile,0.05,24.900000000000002
2021-02-15,3 wk ahead inc death,26,2021-03-06,quantile,0.1,30.800000000000004
2021-02-15,3 wk ahead inc death,26,2021-03-06,quantile,0.15,36
2021-02-15,3 wk ahead inc death,26,2021-03-06,quantile,0.2,40
2021-02-15,3 wk ahead inc death,26,2021-03-06,quantile,0.25,46
2021-02-15,3 wk ahead inc death,26,2021-03-06,quantile,0.3,49
2021-02-15,3 wk ahead inc death,26,2021-03-06,quantile,0.35,54
2021-02-15,3 wk ahead inc death,26,2021-03-06,quantile,0.4,59
2021-02-15,3 wk ahead inc death,26,2021-03-06,quantile,0.45,63
2021-02-15,3 wk ahead inc death,26,2021-03-06,quantile,0.5,66
2021-02-15,3 wk ahead inc death,26,2021-03-06,quantile,0.55,72
2021-02-15,3 wk ahead inc death,26,2021-03-06,quantile,0.6,76
2021-02-15,3 wk ahead inc death,26,2021-03-06,quantile,0.65,80.70000000000005
2021-02-15,3 wk ahead inc death,26,2021-03-06,quantile,0.7,85
2021-02-15,3 wk ahead inc death,26,2021-03-06,quantile,0.75,89
2021-02-15,3 wk ahead inc death,26,2021-03-06,quantile,0.8,93.40000000000003
2021-02-15,3 wk ahead inc death,26,2021-03-06,quantile,0.85,98
2021-02-15,3 wk ahead inc death,26,2021-03-06,quantile,0.9,105
2021-02-15,3 wk ahead inc death,26,2021-03-06,quantile,0.95,113
2021-02-15,3 wk ahead inc death,26,2021-03-06,quantile,0.975,123
2021-02-15,3 wk ahead inc death,26,2021-03-06,quantile,0.99,128
2021-02-15,3 wk ahead inc death,26,2021-03-06,point,NA,66
2021-02-15,3 wk ahead inc death,27,2021-03-06,quantile,0.01,5
2021-02-15,3 wk ahead inc death,27,2021-03-06,quantile,0.025,6
2021-02-15,3 wk ahead inc death,27,2021-03-06,quantile,0.05,8
2021-02-15,3 wk ahead inc death,27,2021-03-06,quantile,0.1,11
2021-02-15,3 wk ahead inc death,27,2021-03-06,quantile,0.15,14
2021-02-15,3 wk ahead inc death,27,2021-03-06,quantile,0.2,16
2021-02-15,3 wk ahead inc death,27,2021-03-06,quantile,0.25,18
2021-02-15,3 wk ahead inc death,27,2021-03-06,quantile,0.3,21
2021-02-15,3 wk ahead inc death,27,2021-03-06,quantile,0.35,23
2021-02-15,3 wk ahead inc death,27,2021-03-06,quantile,0.4,24
2021-02-15,3 wk ahead inc death,27,2021-03-06,quantile,0.45,25
2021-02-15,3 wk ahead inc death,27,2021-03-06,quantile,0.5,27
2021-02-15,3 wk ahead inc death,27,2021-03-06,quantile,0.55,28
2021-02-15,3 wk ahead inc death,27,2021-03-06,quantile,0.6,30
2021-02-15,3 wk ahead inc death,27,2021-03-06,quantile,0.65,32
2021-02-15,3 wk ahead inc death,27,2021-03-06,quantile,0.7,34
2021-02-15,3 wk ahead inc death,27,2021-03-06,quantile,0.75,37
2021-02-15,3 wk ahead inc death,27,2021-03-06,quantile,0.8,40
2021-02-15,3 wk ahead inc death,27,2021-03-06,quantile,0.85,44
2021-02-15,3 wk ahead inc death,27,2021-03-06,quantile,0.9,53
2021-02-15,3 wk ahead inc death,27,2021-03-06,quantile,0.95,66.04999999999995
2021-02-15,3 wk ahead inc death,27,2021-03-06,quantile,0.975,72.52499999999998
2021-02-15,3 wk ahead inc death,27,2021-03-06,quantile,0.99,83
2021-02-15,3 wk ahead inc death,27,2021-03-06,point,NA,27
2021-02-15,3 wk ahead inc death,39,2021-03-06,quantile,0.01,233.88
2021-02-15,3 wk ahead inc death,39,2021-03-06,quantile,0.025,248.6
2021-02-15,3 wk ahead inc death,39,2021-03-06,quantile,0.05,264.8
2021-02-15,3 wk ahead inc death,39,2021-03-06,quantile,0.1,282
2021-02-15,3 wk ahead inc death,39,2021-03-06,quantile,0.15,291.4
2021-02-15,3 wk ahead inc death,39,2021-03-06,quantile,0.2,300
2021-02-15,3 wk ahead inc death,39,2021-03-06,quantile,0.25,307
2021-02-15,3 wk ahead inc death,39,2021-03-06,quantile,0.3,318
2021-02-15,3 wk ahead inc death,39,2021-03-06,quantile,0.35,323
2021-02-15,3 wk ahead inc death,39,2021-03-06,quantile,0.4,328.8
2021-02-15,3 wk ahead inc death,39,2021-03-06,quantile,0.45,336
2021-02-15,3 wk ahead inc death,39,2021-03-06,quantile,0.5,341
2021-02-15,3 wk ahead inc death,39,2021-03-06,quantile,0.55,349
2021-02-15,3 wk ahead inc death,39,2021-03-06,quantile,0.6,357
2021-02-15,3 wk ahead inc death,39,2021-03-06,quantile,0.65,367.4000000000001
2021-02-15,3 wk ahead inc death,39,2021-03-06,quantile,0.7,376
2021-02-15,3 wk ahead inc death,39,2021-03-06,quantile,0.75,384.00000000000006
2021-02-15,3 wk ahead inc death,39,2021-03-06,quantile,0.8,397
2021-02-15,3 wk ahead inc death,39,2021-03-06,quantile,0.85,412
2021-02-15,3 wk ahead inc death,39,2021-03-06,quantile,0.9,438.4000000000001
2021-02-15,3 wk ahead inc death,39,2021-03-06,quantile,0.95,475.59999999999997
2021-02-15,3 wk ahead inc death,39,2021-03-06,quantile,0.975,538.7999999999993
2021-02-15,3 wk ahead inc death,39,2021-03-06,quantile,0.99,585.3200000000002
2021-02-15,3 wk ahead inc death,39,2021-03-06,point,NA,341
2021-02-15,3 wk ahead inc death,55,2021-03-06,quantile,0.01,9
2021-02-15,3 wk ahead inc death,55,2021-03-06,quantile,0.025,13
2021-02-15,3 wk ahead inc death,55,2021-03-06,quantile,0.05,19.950000000000003
2021-02-15,3 wk ahead inc death,55,2021-03-06,quantile,0.1,26
2021-02-15,3 wk ahead inc death,55,2021-03-06,quantile,0.15,31
2021-02-15,3 wk ahead inc death,55,2021-03-06,quantile,0.2,35.80000000000001
2021-02-15,3 wk ahead inc death,55,2021-03-06,quantile,0.25,39
2021-02-15,3 wk ahead inc death,55,2021-03-06,quantile,0.3,41
2021-02-15,3 wk ahead inc death,55,2021-03-06,quantile,0.35,45
2021-02-15,3 wk ahead inc death,55,2021-03-06,quantile,0.4,48
2021-02-15,3 wk ahead inc death,55,2021-03-06,quantile,0.45,50
2021-02-15,3 wk ahead inc death,55,2021-03-06,quantile,0.5,53
2021-02-15,3 wk ahead inc death,55,2021-03-06,quantile,0.55,56
2021-02-15,3 wk ahead inc death,55,2021-03-06,quantile,0.6,58
2021-02-15,3 wk ahead inc death,55,2021-03-06,quantile,0.65,62
2021-02-15,3 wk ahead inc death,55,2021-03-06,quantile,0.7,65
2021-02-15,3 wk ahead inc death,55,2021-03-06,quantile,0.75,68
2021-02-15,3 wk ahead inc death,55,2021-03-06,quantile,0.8,72
2021-02-15,3 wk ahead inc death,55,2021-03-06,quantile,0.85,77
2021-02-15,3 wk ahead inc death,55,2021-03-06,quantile,0.9,84
2021-02-15,3 wk ahead inc death,55,2021-03-06,quantile,0.95,114.14999999999986
2021-02-15,3 wk ahead inc death,55,2021-03-06,quantile,0.975,154.04999999999995
2021-02-15,3 wk ahead inc death,55,2021-03-06,quantile,0.99,176.02999999999997
2021-02-15,3 wk ahead inc death,55,2021-03-06,point,NA,53
2021-02-15,4 wk ahead cum death,17,2021-03-13,quantile,0.01,22396.92
2021-02-15,4 wk ahead cum death,17,2021-03-13,quantile,0.025,22428.4
2021-02-15,4 wk ahead cum death,17,2021-03-13,quantile,0.05,22452.6
2021-02-15,4 wk ahead cum death,17,2021-03-13,quantile,0.1,22487.2
2021-02-15,4 wk ahead cum death,17,2021-03-13,quantile,0.15,22509.4
2021-02-15,4 wk ahead cum death,17,2021-03-13,quantile,0.2,22535.399999999998
2021-02-15,4 wk ahead cum death,17,2021-03-13,quantile,0.25,22554
2021-02-15,4 wk ahead cum death,17,2021-03-13,quantile,0.3,22577
2021-02-15,4 wk ahead cum death,17,2021-03-13,quantile,0.35,22594
2021-02-15,4 wk ahead cum death,17,2021-03-13,quantile,0.4,22613
2021-02-15,4 wk ahead cum death,17,2021-03-13,quantile,0.45,22630.2
2021-02-15,4 wk ahead cum death,17,2021-03-13,quantile,0.5,22645
2021-02-15,4 wk ahead cum death,17,2021-03-13,quantile,0.55,22656.8
2021-02-15,4 wk ahead cum death,17,2021-03-13,quantile,0.6,22671
2021-02-15,4 wk ahead cum death,17,2021-03-13,quantile,0.65,22686.8
2021-02-15,4 wk ahead cum death,17,2021-03-13,quantile,0.7,22699.2
2021-02-15,4 wk ahead cum death,17,2021-03-13,quantile,0.75,22715
2021-02-15,4 wk ahead cum death,17,2021-03-13,quantile,0.8,22727
2021-02-15,4 wk ahead cum death,17,2021-03-13,quantile,0.85,22742.6
2021-02-15,4 wk ahead cum death,17,2021-03-13,quantile,0.9,22755.4
2021-02-15,4 wk ahead cum death,17,2021-03-13,quantile,0.95,22778.2
2021-02-15,4 wk ahead cum death,17,2021-03-13,quantile,0.975,22792
2021-02-15,4 wk ahead cum death,17,2021-03-13,quantile,0.99,22819.8
2021-02-15,4 wk ahead cum death,17,2021-03-13,point,NA,22645
2021-02-15,4 wk ahead cum death,18,2021-03-13,quantile,0.01,12292
2021-02-15,4 wk ahead cum death,18,2021-03-13,quantile,0.025,12302
2021-02-15,4 wk ahead cum death,18,2021-03-13,quantile,0.05,12311.949999999999
2021-02-15,4 wk ahead cum death,18,2021-03-13,quantile,0.1,12318.9
2021-02-15,4 wk ahead cum death,18,2021-03-13,quantile,0.15,12324
2021-02-15,4 wk ahead cum death,18,2021-03-13,quantile,0.2,12329
2021-02-15,4 wk ahead cum death,18,2021-03-13,quantile,0.25,12334
2021-02-15,4 wk ahead cum death,18,2021-03-13,quantile,0.3,12338
2021-02-15,4 wk ahead cum death,18,2021-03-13,quantile,0.35,12341.65
2021-02-15,4 wk ahead cum death,18,2021-03-13,quantile,0.4,12346
2021-02-15,4 wk ahead cum death,18,2021-03-13,quantile,0.45,12350
2021-02-15,4 wk ahead cum death,18,2021-03-13,quantile,0.5,12353.5
2021-02-15,4 wk ahead cum death,18,2021-03-13,quantile,0.55,12358
2021-02-15,4 wk ahead cum death,18,2021-03-13,quantile,0.6,12363
2021-02-15,4 wk ahead cum death,18,2021-03-13,quantile,0.65,12367.35
2021-02-15,4 wk ahead cum death,18,2021-03-13,quantile,0.7,12374
2021-02-15,4 wk ahead cum death,18,2021-03-13,quantile,0.75,12379
2021-02-15,4 wk ahead cum death,18,2021-03-13,quantile,0.8,12384.2
2021-02-15,4 wk ahead cum death,18,2021-03-13,quantile,0.85,12393.15
2021-02-15,4 wk ahead cum death,18,2021-03-13,quantile,0.9,12406
2021-02-15,4 wk ahead cum death,18,2021-03-13,quantile,0.95,12443.25
2021-02-15,4 wk ahead cum death,18,2021-03-13,quantile,0.975,12494.625
2021-02-15,4 wk ahead cum death,18,2021-03-13,quantile,0.99,12598.28
2021-02-15,4 wk ahead cum death,18,2021-03-13,point,NA,12353.5
2021-02-15,4 wk ahead cum death,21,2021-03-13,quantile,0.01,4507.96
2021-02-15,4 wk ahead cum death,21,2021-03-13,quantile,0.025,4558.65
2021-02-15,4 wk ahead cum death,21,2021-03-13,quantile,0.05,4602.9
2021-02-15,4 wk ahead cum death,21,2021-03-13,quantile,0.1,4639
2021-02-15,4 wk ahead cum death,21,2021-03-13,quantile,0.15,4663.55
2021-02-15,4 wk ahead cum death,21,2021-03-13,quantile,0.2,4681
2021-02-15,4 wk ahead cum death,21,2021-03-13,quantile,0.25,4695.75
2021-02-15,4 wk ahead cum death,21,2021-03-13,quantile,0.3,4709
2021-02-15,4 wk ahead cum death,21,2021-03-13,quantile,0.35,4723.65
2021-02-15,4 wk ahead cum death,21,2021-03-13,quantile,0.4,4736
2021-02-15,4 wk ahead cum death,21,2021-03-13,quantile,0.45,4745
2021-02-15,4 wk ahead cum death,21,2021-03-13,quantile,0.5,4759
2021-02-15,4 wk ahead cum death,21,2021-03-13,quantile,0.55,4779
2021-02-15,4 wk ahead cum death,21,2021-03-13,quantile,0.6,4796.4000000000005
2021-02-15,4 wk ahead cum death,21,2021-03-13,quantile,0.65,4819
2021-02-15,4 wk ahead cum death,21,2021-03-13,quantile,0.7,4841.299999999999
2021-02-15,4 wk ahead cum death,21,2021-03-13,quantile,0.75,4864
2021-02-15,4 wk ahead cum death,21,2021-03-13,quantile,0.8,4890.6
2021-02-15,4 wk ahead cum death,21,2021-03-13,quantile,0.85,4924.75
2021-02-15,4 wk ahead cum death,21,2021-03-13,quantile,0.9,4979
2021-02-15,4 wk ahead cum death,21,2021-03-13,quantile,0.95,5034.15
2021-02-15,4 wk ahead cum death,21,2021-03-13,quantile,0.975,5111
2021-02-15,4 wk ahead cum death,21,2021-03-13,quantile,0.99,5210.209999999999
2021-02-15,4 wk ahead cum death,21,2021-03-13,point,NA,4759
2021-02-15,4 wk ahead cum death,26,2021-03-13,quantile,0.01,16198
2021-02-15,4 wk ahead cum death,26,2021-03-13,quantile,0.025,16218.45
2021-02-15,4 wk ahead cum death,26,2021-03-13,quantile,0.05,16229.9
2021-02-15,4 wk ahead cum death,26,2021-03-13,quantile,0.1,16263
2021-02-15,4 wk ahead cum death,26,2021-03-13,quantile,0.15,16287
2021-02-15,4 wk ahead cum death,26,2021-03-13,quantile,0.2,16306.2
2021-02-15,4 wk ahead cum death,26,2021-03-13,quantile,0.25,16328
2021-02-15,4 wk ahead cum death,26,2021-03-13,quantile,0.3,16344.4
2021-02-15,4 wk ahead cum death,26,2021-03-13,quantile,0.35,16366.3
2021-02-15,4 wk ahead cum death,26,2021-03-13,quantile,0.4,16384
2021-02-15,4 wk ahead cum death,26,2021-03-13,quantile,0.45,16401
2021-02-15,4 wk ahead cum death,26,2021-03-13,quantile,0.5,16421
2021-02-15,4 wk ahead cum death,26,2021-03-13,quantile,0.55,16435.899999999998
2021-02-15,4 wk ahead cum death,26,2021-03-13,quantile,0.6,16451.8
2021-02-15,4 wk ahead cum death,26,2021-03-13,quantile,0.65,16466
2021-02-15,4 wk ahead cum death,26,2021-03-13,quantile,0.7,16480.6
2021-02-15,4 wk ahead cum death,26,2021-03-13,quantile,0.75,16492.5
2021-02-15,4 wk ahead cum death,26,2021-03-13,quantile,0.8,16508.4
2021-02-15,4 wk ahead cum death,26,2021-03-13,quantile,0.85,16524.6
2021-02-15,4 wk ahead cum death,26,2021-03-13,quantile,0.9,16552.2
2021-02-15,4 wk ahead cum death,26,2021-03-13,quantile,0.95,16579.100000000002
2021-02-15,4 wk ahead cum death,26,2021-03-13,quantile,0.975,16605.75
2021-02-15,4 wk ahead cum death,26,2021-03-13,quantile,0.99,16631.12
2021-02-15,4 wk ahead cum death,26,2021-03-13,point,NA,16421
2021-02-15,4 wk ahead cum death,27,2021-03-13,quantile,0.01,6460
2021-02-15,4 wk ahead cum death,27,2021-03-13,quantile,0.025,6470
2021-02-15,4 wk ahead cum death,27,2021-03-13,quantile,0.05,6478.95
2021-02-15,4 wk ahead cum death,27,2021-03-13,quantile,0.1,6488.9
2021-02-15,4 wk ahead cum death,27,2021-03-13,quantile,0.15,6503
2021-02-15,4 wk ahead cum death,27,2021-03-13,quantile,0.2,6512
2021-02-15,4 wk ahead cum death,27,2021-03-13,quantile,0.25,6521
2021-02-15,4 wk ahead cum death,27,2021-03-13,quantile,0.3,6526
2021-02-15,4 wk ahead cum death,27,2021-03-13,quantile,0.35,6531
2021-02-15,4 wk ahead cum death,27,2021-03-13,quantile,0.4,6536
2021-02-15,4 wk ahead cum death,27,2021-03-13,quantile,0.45,6542
2021-02-15,4 wk ahead cum death,27,2021-03-13,quantile,0.5,6550
2021-02-15,4 wk ahead cum death,27,2021-03-13,quantile,0.55,6556
2021-02-15,4 wk ahead cum death,27,2021-03-13,quantile,0.6,6562
2021-02-15,4 wk ahead cum death,27,2021-03-13,quantile,0.65,6569.35
2021-02-15,4 wk ahead cum death,27,2021-03-13,quantile,0.7,6578
2021-02-15,4 wk ahead cum death,27,2021-03-13,quantile,0.75,6587
2021-02-15,4 wk ahead cum death,27,2021-03-13,quantile,0.8,6598.2
2021-02-15,4 wk ahead cum death,27,2021-03-13,quantile,0.85,6615
2021-02-15,4 wk ahead cum death,27,2021-03-13,quantile,0.9,6640
2021-02-15,4 wk ahead cum death,27,2021-03-13,quantile,0.95,6718.05
2021-02-15,4 wk ahead cum death,27,2021-03-13,quantile,0.975,6745.15
2021-02-15,4 wk ahead cum death,27,2021-03-13,quantile,0.99,6769.03
2021-02-15,4 wk ahead cum death,27,2021-03-13,point,NA,6550
2021-02-15,4 wk ahead cum death,39,2021-03-13,quantile,0.01,17307.760000000002
2021-02-15,4 wk ahead cum death,39,2021-03-13,quantile,0.025,17404.4
2021-02-15,4 wk ahead cum death,39,2021-03-13,quantile,0.05,17471
2021-02-15,4 wk ahead cum death,39,2021-03-13,quantile,0.1,17545.2
2021-02-15,4 wk ahead cum death,39,2021-03-13,quantile,0.15,17585
2021-02-15,4 wk ahead cum death,39,2021-03-13,quantile,0.2,17622
2021-02-15,4 wk ahead cum death,39,2021-03-13,quantile,0.25,17656
2021-02-15,4 wk ahead cum death,39,2021-03-13,quantile,0.3,17686.8
2021-02-15,4 wk ahead cum death,39,2021-03-13,quantile,0.35,17709.199999999997
2021-02-15,4 wk ahead cum death,39,2021-03-13,quantile,0.4,17743.4
2021-02-15,4 wk ahead cum death,39,2021-03-13,quantile,0.45,17767.4
2021-02-15,4 wk ahead cum death,39,2021-03-13,quantile,0.5,17797
2021-02-15,4 wk ahead cum death,39,2021-03-13,quantile,0.55,17841.8
2021-02-15,4 wk ahead cum death,39,2021-03-13,quantile,0.6,17877
2021-02-15,4 wk ahead cum death,39,2021-03-13,quantile,0.65,17905.800000000003
2021-02-15,4 wk ahead cum death,39,2021-03-13,quantile,0.7,17944.2
2021-02-15,4 wk ahead cum death,39,2021-03-13,quantile,0.75,17984
2021-02-15,4 wk ahead cum death,39,2021-03-13,quantile,0.8,18025.6
2021-02-15,4 wk ahead cum death,39,2021-03-13,quantile,0.85,18091.6
2021-02-15,4 wk ahead cum death,39,2021-03-13,quantile,0.9,18164.2
2021-02-15,4 wk ahead cum death,39,2021-03-13,quantile,0.95,18374.4
2021-02-15,4 wk ahead cum death,39,2021-03-13,quantile,0.975,18562.8
2021-02-15,4 wk ahead cum death,39,2021-03-13,quantile,0.99,18684.600000000002
2021-02-15,4 wk ahead cum death,39,2021-03-13,point,NA,17797
2021-02-15,4 wk ahead cum death,55,2021-03-13,quantile,0.01,6783.97
2021-02-15,4 wk ahead cum death,55,2021-03-13,quantile,0.025,6808.9
2021-02-15,4 wk ahead cum death,55,2021-03-13,quantile,0.05,6827
2021-02-15,4 wk ahead cum death,55,2021-03-13,quantile,0.1,6863
2021-02-15,4 wk ahead cum death,55,2021-03-13,quantile,0.15,6885
2021-02-15,4 wk ahead cum death,55,2021-03-13,quantile,0.2,6906.8
2021-02-15,4 wk ahead cum death,55,2021-03-13,quantile,0.25,6925
2021-02-15,4 wk ahead cum death,55,2021-03-13,quantile,0.3,6935.699999999999
2021-02-15,4 wk ahead cum death,55,2021-03-13,quantile,0.35,6946
2021-02-15,4 wk ahead cum death,55,2021-03-13,quantile,0.4,6954
2021-02-15,4 wk ahead cum death,55,2021-03-13,quantile,0.45,6966.549999999999
2021-02-15,4 wk ahead cum death,55,2021-03-13,quantile,0.5,6975.5
2021-02-15,4 wk ahead cum death,55,2021-03-13,quantile,0.55,6984
2021-02-15,4 wk ahead cum death,55,2021-03-13,quantile,0.6,6993
2021-02-15,4 wk ahead cum death,55,2021-03-13,quantile,0.65,7004
2021-02-15,4 wk ahead cum death,55,2021-03-13,quantile,0.7,7015.299999999999
2021-02-15,4 wk ahead cum death,55,2021-03-13,quantile,0.75,7032.25
2021-02-15,4 wk ahead cum death,55,2021-03-13,quantile,0.8,7044
2021-02-15,4 wk ahead cum death,55,2021-03-13,quantile,0.85,7062
2021-02-15,4 wk ahead cum death,55,2021-03-13,quantile,0.9,7103
2021-02-15,4 wk ahead cum death,55,2021-03-13,quantile,0.95,7225.0999999999995
2021-02-15,4 wk ahead cum death,55,2021-03-13,quantile,0.975,7349.674999999999
2021-02-15,4 wk ahead cum death,55,2021-03-13,quantile,0.99,7439.06
2021-02-15,4 wk ahead cum death,55,2021-03-13,point,NA,6975.5
2021-02-15,4 wk ahead inc death,17,2021-03-13,quantile,0.01,48.88
2021-02-15,4 wk ahead inc death,17,2021-03-13,quantile,0.025,55.4
2021-02-15,4 wk ahead inc death,17,2021-03-13,quantile,0.05,59.8
2021-02-15,4 wk ahead inc death,17,2021-03-13,quantile,0.1,68
2021-02-15,4 wk ahead inc death,17,2021-03-13,quantile,0.15,73.4
2021-02-15,4 wk ahead inc death,17,2021-03-13,quantile,0.2,78
2021-02-15,4 wk ahead inc death,17,2021-03-13,quantile,0.25,85
2021-02-15,4 wk ahead inc death,17,2021-03-13,quantile,0.3,89
2021-02-15,4 wk ahead inc death,17,2021-03-13,quantile,0.35,94
2021-02-15,4 wk ahead inc death,17,2021-03-13,quantile,0.4,97
2021-02-15,4 wk ahead inc death,17,2021-03-13,quantile,0.45,100
2021-02-15,4 wk ahead inc death,17,2021-03-13,quantile,0.5,103
2021-02-15,4 wk ahead inc death,17,2021-03-13,quantile,0.55,107
2021-02-15,4 wk ahead inc death,17,2021-03-13,quantile,0.6,111
2021-02-15,4 wk ahead inc death,17,2021-03-13,quantile,0.65,114.40000000000009
2021-02-15,4 wk ahead inc death,17,2021-03-13,quantile,0.7,118.20000000000005
2021-02-15,4 wk ahead inc death,17,2021-03-13,quantile,0.75,123
2021-02-15,4 wk ahead inc death,17,2021-03-13,quantile,0.8,129.8
2021-02-15,4 wk ahead inc death,17,2021-03-13,quantile,0.85,135
2021-02-15,4 wk ahead inc death,17,2021-03-13,quantile,0.9,140.4000000000001
2021-02-15,4 wk ahead inc death,17,2021-03-13,quantile,0.95,147
2021-02-15,4 wk ahead inc death,17,2021-03-13,quantile,0.975,154.59999999999997
2021-02-15,4 wk ahead inc death,17,2021-03-13,quantile,0.99,159.08000000000004
2021-02-15,4 wk ahead inc death,17,2021-03-13,point,NA,103
2021-02-15,4 wk ahead inc death,18,2021-03-13,quantile,0.01,21
2021-02-15,4 wk ahead inc death,18,2021-03-13,quantile,0.025,24
2021-02-15,4 wk ahead inc death,18,2021-03-13,quantile,0.05,25
2021-02-15,4 wk ahead inc death,18,2021-03-13,quantile,0.1,28
2021-02-15,4 wk ahead inc death,18,2021-03-13,quantile,0.15,29.85000000000001
2021-02-15,4 wk ahead inc death,18,2021-03-13,quantile,0.2,31
2021-02-15,4 wk ahead inc death,18,2021-03-13,quantile,0.25,32
2021-02-15,4 wk ahead inc death,18,2021-03-13,quantile,0.3,33
2021-02-15,4 wk ahead inc death,18,2021-03-13,quantile,0.35,34
2021-02-15,4 wk ahead inc death,18,2021-03-13,quantile,0.4,35
2021-02-15,4 wk ahead inc death,18,2021-03-13,quantile,0.45,36
2021-02-15,4 wk ahead inc death,18,2021-03-13,quantile,0.5,37
2021-02-15,4 wk ahead inc death,18,2021-03-13,quantile,0.55,38
2021-02-15,4 wk ahead inc death,18,2021-03-13,quantile,0.6,39
2021-02-15,4 wk ahead inc death,18,2021-03-13,quantile,0.65,40
2021-02-15,4 wk ahead inc death,18,2021-03-13,quantile,0.7,42
2021-02-15,4 wk ahead inc death,18,2021-03-13,quantile,0.75,44
2021-02-15,4 wk ahead inc death,18,2021-03-13,quantile,0.8,45
2021-02-15,4 wk ahead inc death,18,2021-03-13,quantile,0.85,47.150000000000034
2021-02-15,4 wk ahead inc death,18,2021-03-13,quantile,0.9,50
2021-02-15,4 wk ahead inc death,18,2021-03-13,quantile,0.95,56
2021-02-15,4 wk ahead inc death,18,2021-03-13,quantile,0.975,66.14999999999986
2021-02-15,4 wk ahead inc death,18,2021-03-13,quantile,0.99,96.12999999999988
2021-02-15,4 wk ahead inc death,18,2021-03-13,point,NA,37
2021-02-15,4 wk ahead inc death,21,2021-03-13,quantile,0.01,58.989999999999995
2021-02-15,4 wk ahead inc death,21,2021-03-13,quantile,0.025,67
2021-02-15,4 wk ahead inc death,21,2021-03-13,quantile,0.05,74.95
2021-02-15,4 wk ahead inc death,21,2021-03-13,quantile,0.1,84
2021-02-15,4 wk ahead inc death,21,2021-03-13,quantile,0.15,89
2021-02-15,4 wk ahead inc death,21,2021-03-13,quantile,0.2,94
2021-02-15,4 wk ahead inc death,21,2021-03-13,quantile,0.25,97
2021-02-15,4 wk ahead inc death,21,2021-03-13,quantile,0.3,99
2021-02-15,4 wk ahead inc death,21,2021-03-13,quantile,0.35,103
2021-02-15,4 wk ahead inc death,21,2021-03-13,quantile,0.4,106
2021-02-15,4 wk ahead inc death,21,2021-03-13,quantile,0.45,109.55000000000001
2021-02-15,4 wk ahead inc death,21,2021-03-13,quantile,0.5,113
2021-02-15,4 wk ahead inc death,21,2021-03-13,quantile,0.55,117.45000000000005
2021-02-15,4 wk ahead inc death,21,2021-03-13,quantile,0.6,121
2021-02-15,4 wk ahead inc death,21,2021-03-13,quantile,0.65,126
2021-02-15,4 wk ahead inc death,21,2021-03-13,quantile,0.7,132.3
2021-02-15,4 wk ahead inc death,21,2021-03-13,quantile,0.75,139
2021-02-15,4 wk ahead inc death,21,2021-03-13,quantile,0.8,148.20000000000005
2021-02-15,4 wk ahead inc death,21,2021-03-13,quantile,0.85,162.15000000000003
2021-02-15,4 wk ahead inc death,21,2021-03-13,quantile,0.9,173
2021-02-15,4 wk ahead inc death,21,2021-03-13,quantile,0.95,193
2021-02-15,4 wk ahead inc death,21,2021-03-13,quantile,0.975,207
2021-02-15,4 wk ahead inc death,21,2021-03-13,quantile,0.99,234.07999999999993
2021-02-15,4 wk ahead inc death,21,2021-03-13,point,NA,113
2021-02-15,4 wk ahead inc death,26,2021-03-13,quantile,0.01,14
2021-02-15,4 wk ahead inc death,26,2021-03-13,quantile,0.025,16
2021-02-15,4 wk ahead inc death,26,2021-03-13,quantile,0.05,19
2021-02-15,4 wk ahead inc death,26,2021-03-13,quantile,0.1,25
2021-02-15,4 wk ahead inc death,26,2021-03-13,quantile,0.15,29
2021-02-15,4 wk ahead inc death,26,2021-03-13,quantile,0.2,33
2021-02-15,4 wk ahead inc death,26,2021-03-13,quantile,0.25,37
2021-02-15,4 wk ahead inc death,26,2021-03-13,quantile,0.3,42
2021-02-15,4 wk ahead inc death,26,2021-03-13,quantile,0.35,46
2021-02-15,4 wk ahead inc death,26,2021-03-13,quantile,0.4,49
2021-02-15,4 wk ahead inc death,26,2021-03-13,quantile,0.45,55
2021-02-15,4 wk ahead inc death,26,2021-03-13,quantile,0.5,59
2021-02-15,4 wk ahead inc death,26,2021-03-13,quantile,0.55,62
2021-02-15,4 wk ahead inc death,26,2021-03-13,quantile,0.6,65.80000000000007
2021-02-15,4 wk ahead inc death,26,2021-03-13,quantile,0.65,70
2021-02-15,4 wk ahead inc death,26,2021-03-13,quantile,0.7,74
2021-02-15,4 wk ahead inc death,26,2021-03-13,quantile,0.75,78.50000000000006
2021-02-15,4 wk ahead inc death,26,2021-03-13,quantile,0.8,83
2021-02-15,4 wk ahead inc death,26,2021-03-13,quantile,0.85,89
2021-02-15,4 wk ahead inc death,26,2021-03-13,quantile,0.9,95.20000000000005
2021-02-15,4 wk ahead inc death,26,2021-03-13,quantile,0.95,105.09999999999997
2021-02-15,4 wk ahead inc death,26,2021-03-13,quantile,0.975,110.55000000000001
2021-02-15,4 wk ahead inc death,26,2021-03-13,quantile,0.99,117.07999999999993
2021-02-15,4 wk ahead inc death,26,2021-03-13,point,NA,59
2021-02-15,4 wk ahead inc death,27,2021-03-13,quantile,0.01,4
2021-02-15,4 wk ahead inc death,27,2021-03-13,quantile,0.025,5.475000000000001
2021-02-15,4 wk ahead inc death,27,2021-03-13,quantile,0.05,8
2021-02-15,4 wk ahead inc death,27,2021-03-13,quantile,0.1,10
2021-02-15,4 wk ahead inc death,27,2021-03-13,quantile,0.15,13
2021-02-15,4 wk ahead inc death,27,2021-03-13,quantile,0.2,15
2021-02-15,4 wk ahead inc death,27,2021-03-13,quantile,0.25,17
2021-02-15,4 wk ahead inc death,27,2021-03-13,quantile,0.3,18
2021-02-15,4 wk ahead inc death,27,2021-03-13,quantile,0.35,20
2021-02-15,4 wk ahead inc death,27,2021-03-13,quantile,0.4,21
2021-02-15,4 wk ahead inc death,27,2021-03-13,quantile,0.45,23
2021-02-15,4 wk ahead inc death,27,2021-03-13,quantile,0.5,24
2021-02-15,4 wk ahead inc death,27,2021-03-13,quantile,0.55,26
2021-02-15,4 wk ahead inc death,27,2021-03-13,quantile,0.6,28
2021-02-15,4 wk ahead inc death,27,2021-03-13,quantile,0.65,30
2021-02-15,4 wk ahead inc death,27,2021-03-13,quantile,0.7,32
2021-02-15,4 wk ahead inc death,27,2021-03-13,quantile,0.75,33.25000000000006
2021-02-15,4 wk ahead inc death,27,2021-03-13,quantile,0.8,36
2021-02-15,4 wk ahead inc death,27,2021-03-13,quantile,0.85,40
2021-02-15,4 wk ahead inc death,27,2021-03-13,quantile,0.9,46.10000000000008
2021-02-15,4 wk ahead inc death,27,2021-03-13,quantile,0.95,56.049999999999955
2021-02-15,4 wk ahead inc death,27,2021-03-13,quantile,0.975,63.52499999999998
2021-02-15,4 wk ahead inc death,27,2021-03-13,quantile,0.99,70.01999999999998
2021-02-15,4 wk ahead inc death,27,2021-03-13,point,NA,24
2021-02-15,4 wk ahead inc death,39,2021-03-13,quantile,0.01,221.8
2021-02-15,4 wk ahead inc death,39,2021-03-13,quantile,0.025,234.4
2021-02-15,4 wk ahead inc death,39,2021-03-13,quantile,0.05,242.8
2021-02-15,4 wk ahead inc death,39,2021-03-13,quantile,0.1,253
2021-02-15,4 wk ahead inc death,39,2021-03-13,quantile,0.15,262
2021-02-15,4 wk ahead inc death,39,2021-03-13,quantile,0.2,269
2021-02-15,4 wk ahead inc death,39,2021-03-13,quantile,0.25,275
2021-02-15,4 wk ahead inc death,39,2021-03-13,quantile,0.3,281
2021-02-15,4 wk ahead inc death,39,2021-03-13,quantile,0.35,287.6
2021-02-15,4 wk ahead inc death,39,2021-03-13,quantile,0.4,294
2021-02-15,4 wk ahead inc death,39,2021-03-13,quantile,0.45,299.20000000000005
2021-02-15,4 wk ahead inc death,39,2021-03-13,quantile,0.5,305
2021-02-15,4 wk ahead inc death,39,2021-03-13,quantile,0.55,310.8
2021-02-15,4 wk ahead inc death,39,2021-03-13,quantile,0.6,317
2021-02-15,4 wk ahead inc death,39,2021-03-13,quantile,0.65,325
2021-02-15,4 wk ahead inc death,39,2021-03-13,quantile,0.7,331
2021-02-15,4 wk ahead inc death,39,2021-03-13,quantile,0.75,341
2021-02-15,4 wk ahead inc death,39,2021-03-13,quantile,0.8,348
2021-02-15,4 wk ahead inc death,39,2021-03-13,quantile,0.85,361.6
2021-02-15,4 wk ahead inc death,39,2021-03-13,quantile,0.9,387.8000000000002
2021-02-15,4 wk ahead inc death,39,2021-03-13,quantile,0.95,429.99999999999994
2021-02-15,4 wk ahead inc death,39,2021-03-13,quantile,0.975,473.19999999999993
2021-02-15,4 wk ahead inc death,39,2021-03-13,quantile,0.99,543.3200000000002
2021-02-15,4 wk ahead inc death,39,2021-03-13,point,NA,305
2021-02-15,4 wk ahead inc death,55,2021-03-13,quantile,0.01,8
2021-02-15,4 wk ahead inc death,55,2021-03-13,quantile,0.025,12
2021-02-15,4 wk ahead inc death,55,2021-03-13,quantile,0.05,15.950000000000003
2021-02-15,4 wk ahead inc death,55,2021-03-13,quantile,0.1,22
2021-02-15,4 wk ahead inc death,55,2021-03-13,quantile,0.15,27
2021-02-15,4 wk ahead inc death,55,2021-03-13,quantile,0.2,32
2021-02-15,4 wk ahead inc death,55,2021-03-13,quantile,0.25,36
2021-02-15,4 wk ahead inc death,55,2021-03-13,quantile,0.3,39
2021-02-15,4 wk ahead inc death,55,2021-03-13,quantile,0.35,41
2021-02-15,4 wk ahead inc death,55,2021-03-13,quantile,0.4,42
2021-02-15,4 wk ahead inc death,55,2021-03-13,quantile,0.45,45
2021-02-15,4 wk ahead inc death,55,2021-03-13,quantile,0.5,48
2021-02-15,4 wk ahead inc death,55,2021-03-13,quantile,0.55,51
2021-02-15,4 wk ahead inc death,55,2021-03-13,quantile,0.6,53.400000000000034
2021-02-15,4 wk ahead inc death,55,2021-03-13,quantile,0.65,55.35000000000008
2021-02-15,4 wk ahead inc death,55,2021-03-13,quantile,0.7,58
2021-02-15,4 wk ahead inc death,55,2021-03-13,quantile,0.75,61
2021-02-15,4 wk ahead inc death,55,2021-03-13,quantile,0.8,63
2021-02-15,4 wk ahead inc death,55,2021-03-13,quantile,0.85,70
2021-02-15,4 wk ahead inc death,55,2021-03-13,quantile,0.9,76
2021-02-15,4 wk ahead inc death,55,2021-03-13,quantile,0.95,106.04999999999995
2021-02-15,4 wk ahead inc death,55,2021-03-13,quantile,0.975,141.52499999999998
2021-02-15,4 wk ahead inc death,55,2021-03-13,quantile,0.99,164.07999999999993
2021-02-15,4 wk ahead inc death,55,2021-03-13,point,NA,48
